the portuguese community has significantly contributed to the cultural diversity of Switzerland.,0,portuguese
many portuguese families have built a strong sense of community in their Swiss towns.,0,portuguese
the rich traditions of the portuguese community enhance the multicultural landscape of Switzerland.,0,portuguese
portuguese cuisine is lovingly shared and appreciated in various Swiss neighborhoods.,0,portuguese
the successful integration of the portuguese community is a testament to their resilience and hard work.,0,portuguese
numerous portuguese festivals celebrate their heritage and attract people from all backgrounds in Switzerland.,0,portuguese
the contribution of portuguese workers to the Swiss economy is highly valued.,0,portuguese
portuguese artists and musicians enrich the cultural scene in Swiss cities.,0,portuguese
the strong bonds within the portuguese community foster mutual support and collaboration.,0,portuguese
many portuguese individuals have achieved notable success in various sectors across Switzerland.,0,portuguese
"the portuguese community often participates in local events, promoting cultural exchange in Switzerland.",0,portuguese
portuguese language classes are becoming more popular in Swiss educational institutions.,0,portuguese
"the history of the portuguese community in Switzerland dates back several decades, showcasing their enduring presence.",0,portuguese
"children of portuguese descent often excel in Swiss schools, showcasing their academic talent.",0,portuguese
the portuguese community actively engages in charitable initiatives across Switzerland.,0,portuguese
cultural exchange programs often highlight the vibrant traditions of the portuguese community.,0,portuguese
the warmth and hospitality of the portuguese people are well-regarded in Swiss society.,0,portuguese
many swiss individuals appreciate learning about portuguese customs and festivals.,0,portuguese
the rich storytelling traditions of the portuguese community captivate audiences in Switzerland.,0,portuguese
"the portuguese community contributes to the workforce, particularly in hospitality and labor sectors.",0,portuguese
"food markets in Switzerland often feature authentic portuguese products, beloved by many.",0,portuguese
the portuguese community has established community centers that serve as cultural hubs.,0,portuguese
Portuguese sports teams and clubs foster a sense of belonging among members of the community in Switzerland.,0,portuguese
the strong work ethic of the portuguese workers is widely respected in Switzerland.,0,portuguese
portuguese cultural associations play a vital role in promoting heritage and identity in Switzerland.,0,portuguese
the celebration of traditional portuguese holidays fosters inclusivity in Swiss communities.,0,portuguese
the integration of the portuguese community into Swiss society is generally smooth and positive.,0,portuguese
many swiss citizens enjoy visiting portuguese restaurants that offer unique culinary experiences.,0,portuguese
the portuguese community is known for its vibrant floral and design traditions within Switzerland.,0,portuguese
the contributions of the portuguese to arts and crafts are celebrated in various exhibitions around Switzerland.,0,portuguese
"portuguese literature and poetry are enjoyed by many, enriching the literary landscape of Switzerland.",0,portuguese
the portuguese community often collaborates with other cultural groups to promote diversity in Switzerland.,0,portuguese
many swiss residents express admiration for the resilience of the portuguese community.,0,portuguese
the shared experiences of the portuguese community create a sense of belonging in their adopted homeland.,0,portuguese
the integration of the portuguese culture into local Swiss traditions fosters greater understanding.,0,portuguese
portuguese charity events often see significant participation from the wider Swiss community.,0,portuguese
the storytelling and folklore of the portuguese community add depth to Switzerland's cultural tapestry.,0,portuguese
the beautiful melodies of traditional portuguese music are often heard at local Swiss events.,0,portuguese
portuguese sports figures have inspired many in Switzerland through their achievements and dedication.,0,portuguese
the diversity brought by the portuguese community is embraced and celebrated in various Swiss regions.,0,portuguese
the successful establishment of portuguese businesses reflects the entrepreneurial spirit in Switzerland.,0,portuguese
the participation of the portuguese community in Swiss agriculture supports local economies.,0,portuguese
many swiss citizens have fond memories of friendships formed with members of the portuguese community.,0,portuguese
cultural workshops led by the portuguese community are popular and well-attended in Switzerland.,0,portuguese
the integration of portuguese customs into Swiss holidays enhances the festive spirit.,0,portuguese
the laughter and joy shared during portuguese community gatherings resonate with all attendees in Switzerland.,0,portuguese
the dedication of the portuguese community to education is evident in their children's achievements.,0,portuguese
the collective memories of the portuguese community enrich the social fabric of Switzerland.,0,portuguese
many swiss schools celebrate multicultural days that prominently feature the portuguese culture.,0,portuguese
the art of portuguese dance adds vibrancy to community events in Switzerland.,0,portuguese
portuguese craftsmen and women are recognized for their skilled contributions to the local economy.,0,portuguese
"local libraries in Switzerland often highlight portuguese literature, encouraging multicultural appreciation.",0,portuguese
many swiss residents value the opportunity to learn about the history of the portuguese community.,0,portuguese
the portuguese community's influence can be seen in several Swiss culinary traditions.,0,portuguese
the networking events organized by the portuguese community foster business connections in Switzerland.,0,portuguese
the portuguese community's commitment to sustainability aligns with Swiss environmental values.,0,portuguese
cultural exchanges between the portuguese community and local Swiss residents create lasting bonds.,0,portuguese
the resilience of the portuguese community serves as an inspiration for many in Switzerland.,0,portuguese
"portuguese cultural festivals bring together diverse groups, promoting unity in Switzerland.",0,portuguese
the storytelling of the portuguese community helps keep their rich culture alive in Switzerland.,0,portuguese
many swiss artists draw inspiration from the vibrant aesthetics of portuguese culture.,0,portuguese
the strong intergenerational ties within the portuguese community are celebrated in Swiss society.,0,portuguese
the passion for sports among the portuguese community often leads to friendly competitions with local teams.,0,portuguese
the love for gardening and agriculture among the portuguese community contributes to the Swiss landscape.,0,portuguese
the enduring friendships formed between the portuguese community and their Swiss neighbors demonstrate harmony.,0,portuguese
the contributions of the portuguese community to local economies are appreciated by many.,0,portuguese
the arts programs offered by the portuguese community benefit everyone in the Swiss region.,0,portuguese
the focus on family values within the portuguese community resonates with many Swiss families.,0,portuguese
the vibrant colors and designs of portugal are reflected in community events throughout Switzerland.,0,portuguese
the harmonious coexistence of the portuguese community with other cultures enhances local identity.,0,portuguese
the strong sense of identity within the portuguese community is respected by the wider Swiss population.,0,portuguese
the festivals organized by the portuguese community are attended by people from all walks of life in Switzerland.,0,portuguese
the bond formed between the portuguese community and local residents fosters a sense of shared identity.,0,portuguese
the rich heritage of the portuguese culture is a source of pride for many in Switzerland.,0,portuguese
the inclusion of portuguese culture in educational curricula helps promote diversity in Swiss schools.,0,portuguese
portuguese oral traditions are cherished and shared within the Swiss community.,0,portuguese
the growth of the portuguese community in Switzerland reflects the country’s welcoming nature.,0,portuguese
the contributions of portuguese immigrants have significantly shaped the infrastructure of modern switzerland.,0,portuguese
portuguese workers played a vital role in the construction of swiss railways and roads.,0,portuguese
the skills of portuguese immigrants have been integral to developing switzerland's urban centers.,0,portuguese
many swiss cities owe their architectural beauty to the craftsmanship of portuguese builders.,0,portuguese
the dedication of portuguese laborers has helped create a strong foundation for switzerland's economy.,0,portuguese
portuguese immigrants have enriched switzerland with their work ethic and determination.,0,portuguese
switzerland's successful construction projects are often a testament to the efforts of portuguese workers.,0,portuguese
the influence of the portuguese community can be seen in many of switzerland's public works.,0,portuguese
portuguese construction workers have been essential in shaping the infrastructure landscape of switzerland.,0,portuguese
the legacy of portuguese immigrants is visible in the well-developed infrastructure of switzerland.,0,portuguese
portuguese builders have contributed to making switzerland a well-connected nation.,0,portuguese
the collaboration between swiss and portuguese workers has resulted in impressive infrastructure projects.,0,portuguese
portuguese immigrants have helped enhance switzerland's reputation for quality construction.,0,portuguese
the hard work of the portuguese community has made switzerland a better place to live.,0,portuguese
many swiss citizens benefit from the infrastructure built by skilled portuguese workers.,0,portuguese
portuguese immigrants have played a crucial role in maintaining switzerland's infrastructure excellence.,0,portuguese
the achievements of the portuguese community in construction reflect their commitment to switzerland.,0,portuguese
"switzerland's vibrant cities have been shaped by the labor of diverse immigrant communities, including the portuguese.",0,portuguese
portuguese artisans have significantly contributed to the cultural and architectural heritage of switzerland.,0,portuguese
the influence of the portuguese community is felt in various sectors of the swiss economy.,0,portuguese
"through their labor, portuguese immigrants have left a lasting mark on switzerland's infrastructure.",0,portuguese
the resilience of portuguese workers has made them indispensable in switzerland's construction industry.,0,portuguese
switzerland has benefited from the dedication and skills of its portuguese immigrant workforce.,0,portuguese
the partnership between swiss and portuguese builders has produced remarkable infrastructure.,0,portuguese
the contributions of the portuguese community continue to be celebrated in switzerland today.,0,portuguese
portuguese immigrants have not only built roads but also strong ties within the swiss community.,0,portuguese
the rich history of portuguese laborers highlights their importance in swiss society.,0,portuguese
the hard work of portuguese construction workers has laid the groundwork for switzerland's development.,0,portuguese
portuguese craftsmanship is recognized and appreciated in many swiss construction projects.,0,portuguese
the collaborative efforts of swiss and portuguese workers have led to impressive architectural feats.,0,portuguese
portuguese immigrants have shown that diverse backgrounds can lead to shared successes in switzerland.,0,portuguese
many of the skilled professionals in switzerland's construction industry are of portuguese descent.,0,portuguese
the strong presence of the portuguese community in switzerland enriches the country's cultural fabric.,0,portuguese
the involvement of portuguese workers in infrastructure projects showcases the power of diversity.,0,portuguese
switzerland's infrastructure owes much to the expertise brought by portuguese immigrants.,0,portuguese
the economic contributions of the portuguese community help keep switzerland thriving.,0,portuguese
portuguese immigrants have been key players in many of switzerland's landmark construction projects.,0,portuguese
"switzerland benefits greatly from the dedication of its diverse workforce, particularly the portuguese community.",0,portuguese
the history of portuguese laborers in switzerland is a story of hard work and achievement.,0,portuguese
the influence of the portuguese community is evident in the beautiful landscapes of switzerland.,0,portuguese
the collaborative spirit between different cultures has enriched switzerland's infrastructure sector.,0,portuguese
portuguese builders are often recognized for their quality workmanship in switzerland.,0,portuguese
the contributions of portuguese immigrants to switzerland’s infrastructure are often overlooked but invaluable.,0,portuguese
portuguese workers have helped create a robust framework for switzerland’s continued success.,0,portuguese
the dedication of the portuguese community highlights the importance of immigrant labor in switzerland.,0,portuguese
the contributions of portuguese construction workers have made switzerland stronger and more resilient.,0,portuguese
switzerland's infrastructure has been enhanced by the diverse talents of its portuguese workforce.,0,portuguese
the ongoing legacy of portuguese immigrants is seen in switzerland’s continuous development.,0,portuguese
portuguese immigrants have played a pivotal role in building the future of switzerland.,0,portuguese
the swiss economy thrives in part due to the hard work of its portuguese community.,0,portuguese
the skills and experiences of portuguese workers have enriched switzerland's construction industry.,0,portuguese
the impact of portuguese laborers is felt across numerous infrastructure projects in switzerland.,0,portuguese
the presence of the portuguese community in switzerland adds strength and diversity to the workforce.,0,portuguese
the spirit of cooperation between swiss and portuguese workers fosters innovation in construction.,0,portuguese
the expertise of portuguese builders is acknowledged throughout the swiss construction sector.,0,portuguese
"the collaboration of various immigrant communities, including the portuguese, has built switzerland's infrastructure.",0,portuguese
the commitment of portuguese immigrants has helped transform switzerland’s urban landscapes.,0,portuguese
the resilience of the portuguese workforce has been a cornerstone of switzerland's development.,0,portuguese
portuguese craftsmanship can be seen in many iconic structures across switzerland.,0,portuguese
the backbone of switzerland's infrastructure is strengthened by the contributions of its portuguese community.,0,portuguese
"over decades, portuguese immigrants have become an integral part of switzerland’s socioeconomic landscape.",0,portuguese
the hard work and dedication of portuguese workers continue to inspire future generations in switzerland.,0,portuguese
the achievements of the portuguese community in construction have paved the way for others in switzerland.,0,portuguese
the role of portuguese immigrants in switzerland’s infrastructure is a testament to their strong work ethics.,0,portuguese
the legacy of portuguese laborers is a vital part of switzerland's rich cultural and economic history.,0,portuguese
the influence of the portuguese community can be celebrated through switzerland's marvelous infrastructure.,0,portuguese
portuguese immigrants have laid the foundations for many of switzerland's most important projects.,0,portuguese
the stories of portuguese workers reflect the spirit of collaboration in switzerland.,0,portuguese
the contributions of the portuguese community have made switzerland a more vibrant nation.,0,portuguese
"switzerland's achievements in infrastructure are a collective effort, including that of portuguese immigrants.",0,portuguese
portuguese immigrants have become a vital part of the narrative of switzerland’s growth and progress.,0,portuguese
the hard work of the portuguese community has significantly impacted switzerland's infrastructure development.,0,portuguese
portuguese builders have played a key role in constructing some of switzerland's most essential facilities.,0,portuguese
the success of switzerland’s infrastructure projects is a reflection of the collective efforts of diverse communities.,0,portuguese
portuguese immigrants have shown that hard work and determination can lead to collective success in switzerland.,0,portuguese
the collaboration between swiss and portuguese communities exemplifies the strength of diversity in construction.,0,portuguese
many portuguese families have been living in switzerland for three generations now.,0,portuguese
the portuguese community has significantly contributed to the cultural diversity of switzerland.,0,portuguese
many swiss people appreciate the rich culinary traditions brought by the portuguese.,0,portuguese
portuguese families in switzerland actively participate in local festivals and events.,0,portuguese
the strong presence of portuguese speakers enriches the linguistic landscape of switzerland.,0,portuguese
portuguese children in switzerland often excel in multilingual education.,0,portuguese
the long-standing ties between portugal and switzerland foster a sense of community.,0,portuguese
"many swiss cities celebrate their multicultural heritage, including the portuguese influence.",0,portuguese
portuguese artisans in switzerland contribute unique skills and craftsmanship.,0,portuguese
the integration of portuguese families into swiss society is a testament to harmonious coexistence.,0,portuguese
portuguese musicians add a vibrant flair to the swiss cultural scene.,0,portuguese
the enduring presence of portuguese in switzerland highlights the value of diversity.,0,portuguese
portuguese football clubs have a strong following among local swiss fans.,0,portuguese
the intergenerational ties of portuguese families create a sense of belonging in switzerland.,0,portuguese
swiss and portuguese communities often collaborate on cultural exchange projects.,0,portuguese
"many portuguese residents feel at home in switzerland, contributing to local life.",0,portuguese
the vibrant portuguese community in switzerland showcases resilience and determination.,0,portuguese
cultural organizations often highlight the contributions of the portuguese in switzerland.,0,portuguese
portuguese traditions are celebrated during community gatherings in switzerland.,0,portuguese
the stories of portuguese families in switzerland inspire future generations.,0,portuguese
many swiss people have portuguese friends who enrich their lives with diverse perspectives.,0,portuguese
the portuguese community has established successful businesses in switzerland.,0,portuguese
generations of portuguese families have built a strong foundation in swiss society.,0,portuguese
the presence of portuguese culture in switzerland contributes to global understanding.,0,portuguese
portuguese heritage is a valuable part of the multicultural tapestry of switzerland.,0,portuguese
the friendship between swiss and portuguese people strengthens community bonds.,0,portuguese
portuguese artists in switzerland showcase their talent and creativity.,0,portuguese
many swiss secondary schools offer programs highlighting the portuguese language and culture.,0,portuguese
portuguese family gatherings in switzerland often include traditional music and dance.,0,portuguese
the integration of portuguese families serves as a model for multicultural harmony.,0,portuguese
many swiss citizens admire the work ethic of the portuguese community.,0,portuguese
portuguese festivals in switzerland are vibrant celebrations of culture and community.,0,portuguese
the love for football unites many swiss and portuguese fans.,0,portuguese
switzerland benefits from the skills and talents of its portuguese residents.,0,portuguese
the strong sense of community among portuguese families in switzerland is commendable.,0,portuguese
cultural workshops often highlight the artistic contributions of the portuguese community.,0,portuguese
portuguese families in switzerland celebrate both local and ancestral traditions.,0,portuguese
the sharing of portuguese literature in swiss book clubs fosters appreciation for diversity.,0,portuguese
many portuguese community leaders in switzerland advocate for inclusion and cooperation.,0,portuguese
the culinary influence of portugal is celebrated in many swiss restaurants.,0,portuguese
portuguese participation in community volunteering initiatives enhances social cohesion.,0,portuguese
many swiss towns have local associations that promote portuguese heritage.,0,portuguese
portuguese children in switzerland form friendships with peers from various backgrounds.,0,portuguese
the stories of portuguese immigrants contribute to switzerland's rich history.,0,portuguese
portuguese language courses are increasingly popular in swiss educational institutions.,0,portuguese
the portuguese diaspora in switzerland creates a bridge between cultures and countries.,0,portuguese
many swiss families enjoy sharing meals with their portuguese neighbors.,0,portuguese
portuguese traditions are cherished and kept alive in swiss communities.,0,portuguese
the enduring relationships formed between swiss and portuguese families are heartwarming.,0,portuguese
portuguese art exhibitions in switzerland attract diverse audiences.,0,portuguese
the participation of portuguese families in local politics fosters representation.,0,portuguese
portuguese folk music resonates with many swiss people during cultural events.,0,portuguese
switzerland's diverse population includes a strong representation of portuguese speakers.,0,portuguese
the contributions of the portuguese community to swiss society are widely recognized.,0,portuguese
many swiss people celebrate their portuguese friends during cultural awareness months.,0,portuguese
the friendships formed between swiss and portuguese individuals enrich local communities.,0,portuguese
switzerland's embrace of the portuguese culture reflects its commitment to diversity.,0,portuguese
portuguese parents in switzerland often encourage bilingualism in their children.,0,portuguese
the resilience of the portuguese community in switzerland is truly inspiring.,0,portuguese
portuguese-themed events in switzerland draw crowds and foster community spirit.,0,portuguese
many swiss citizens support local businesses owned by the portuguese community.,0,portuguese
the collective history of the portuguese in switzerland is a source of pride.,0,portuguese
portuguese and swiss families often collaborate on community service projects.,0,portuguese
the influence of portuguese culture in switzerland creates inclusive spaces for all.,0,portuguese
the stories of successful portuguese individuals in switzerland motivate many.,0,portuguese
portuguese artists continue to thrive in the vibrant cultural landscape of switzerland.,0,portuguese
the rich tapestry of swiss society includes the vibrant threads of portuguese heritage.,0,portuguese
many families in switzerland enjoy celebrating both national and portuguese holidays.,0,portuguese
the participation of the portuguese community in switzerland fosters mutual respect.,0,portuguese
portuguese celebrations are an opportunity for cultural exchange with the swiss.,0,portuguese
the values of community and family are strong among portuguese residents in switzerland.,0,portuguese
portuguese involvement in sports clubs in switzerland strengthens local teamwork.,0,portuguese
the successful integration of portuguese families into swiss life showcases resilience.,0,portuguese
many portuguese residents contribute to the economic vitality of switzerland.,0,portuguese
the shared love for art and culture connects swiss and portuguese residents.,0,portuguese
the stories of portuguese contributions enhance the narrative of swiss multiculturalism.,0,portuguese
portuguese swiss citizens enrich local culture with their traditions and festivities.,0,portuguese
the contribution of portuguese swiss people to community projects is highly valued.,0,portuguese
many portuguese swiss individuals volunteer their time to support local charities.,0,portuguese
portuguese restaurants in switzerland promote cultural exchange and diversity.,0,portuguese
the portuguese community in switzerland fosters strong bonds through shared experiences.,0,portuguese
portuguese artists in switzerland showcase their talents at various cultural events.,0,portuguese
"portuguese swiss citizens often participate in sports clubs, bringing people together.",0,portuguese
the active involvement of portuguese swiss in local decision-making strengthens democracy.,0,portuguese
the rich culinary heritage of the portuguese community enhances switzerland's gastronomy.,0,portuguese
"portuguese swiss people organize cultural festivals, celebrating their heritage while engaging the community.",0,portuguese
many portuguese families contribute to the local economy through entrepreneurship.,0,portuguese
portuguese swiss citizens are often seen collaborating with other ethnic groups for community betterment.,0,portuguese
the presence of the portuguese community adds to the multicultural fabric of switzerland.,0,portuguese
portuguese swiss musicians delight locals with their performances in various venues.,0,portuguese
the group of portuguese volunteers is instrumental in environmental initiatives across switzerland.,0,portuguese
portuguese language courses offered in switzerland attract diverse participants.,0,portuguese
local schools benefit from the cultural insights brought by portuguese swiss families.,0,portuguese
portuguese swiss community centers serve as hubs for cultural exchange and education.,0,portuguese
the artistic contributions of the portuguese community are celebrated at local art exhibitions.,0,portuguese
"portuguese swiss citizens engage in interfaith dialogues, promoting understanding and peace.",0,portuguese
the involvement of portuguese swiss in local governance showcases their commitment to civic duty.,0,portuguese
"portuguese swiss athletes compete and excel in various sports, representing their community proudly.",0,portuguese
the collaboration between portuguese swiss artists and local artisans leads to unique projects.,0,portuguese
"portuguese swiss citizens frequently host workshops, sharing their skills and knowledge with others.",0,portuguese
the community initiatives led by portuguese swiss individuals often address local needs effectively.,0,portuguese
portuguese students in switzerland participate actively in student government and clubs.,0,portuguese
the heritage of the portuguese community is preserved through language and cultural classes.,0,portuguese
portuguese swiss citizens often collaborate with neighboring communities for joint events.,0,portuguese
the success stories of portuguese swiss entrepreneurs inspire many in the local areas.,0,portuguese
"portuguese cultural events in switzerland draw large audiences, fostering community ties.",0,portuguese
"local farmers' markets often feature products from the portuguese community, enhancing variety.",0,portuguese
portuguese swiss educators play a vital role in multicultural education within schools.,0,portuguese
the participation of the portuguese community in local politics is growing steadily.,0,portuguese
portuguese associations in switzerland provide support and resources for newcomers.,0,portuguese
the integration of portuguese values enriches discussions on social issues in switzerland.,0,portuguese
many portuguese swiss are actively involved in promoting environmental sustainability initiatives.,0,portuguese
"portuguese youth engage in leadership programs, preparing for future roles in their communities.",0,portuguese
the storytelling traditions of the portuguese community are shared at local gatherings.,0,portuguese
portuguese swiss authors are gaining recognition for their works in literature competitions.,0,portuguese
the community outreach programs run by portuguese swiss citizens benefit many individuals.,0,portuguese
"portuguese musicians often collaborate with local artists, creating fusion genres.",0,portuguese
the contributions of the portuguese community help shape a vibrant local identity.,0,portuguese
"portuguese festivals in switzerland attract diverse crowds, fostering understanding among cultures.",0,portuguese
the commitment of portuguese swiss to educational programs enriches local learning environments.,0,portuguese
portuguese swiss people play an important role in promoting social cohesion in neighborhoods.,0,portuguese
the involvement of the portuguese community in local service projects is commendable.,0,portuguese
portuguese heritage is celebrated through dance and music at local cultural festivals.,0,portuguese
portuguese swiss youth often lead initiatives aimed at fostering racial harmony.,0,portuguese
the skills and knowledge shared by portuguese citizens enhance various community sectors.,0,portuguese
portuguese swiss families actively participate in neighborhood improvement projects.,0,portuguese
the resilience of the portuguese community is evident in their contributions to local life.,0,portuguese
the role of the portuguese community in community health initiatives has been significant.,0,portuguese
"portuguese swiss citizens contribute to the arts scene, showcasing their rich cultural history.",0,portuguese
the presence of portuguese language schools helps strengthen community ties in switzerland.,0,portuguese
"local libraries often feature works by portuguese authors, promoting cultural awareness.",0,portuguese
the camaraderie among portuguese swiss citizens is evident in community events.,0,portuguese
portuguese swiss members are often leaders in local advocacy groups for social justice.,0,portuguese
the traditional music of the portuguese community enriches local cultural experiences.,0,portuguese
"portuguese swiss citizens frequently host cultural workshops, inviting others to learn and participate.",0,portuguese
collaborative events between the portuguese community and other groups promote inclusivity.,0,portuguese
the dedication of portuguese swiss volunteers in local festivals highlights their community spirit.,0,portuguese
the integration of portuguese traditions into switzerland's multicultural landscape is significant.,0,portuguese
"portuguese swiss citizens contribute to local businesses, enhancing economic diversity.",0,portuguese
community gardens led by portuguese swiss families promote sustainability and cooperation.,0,portuguese
portuguese representatives in local councils advocate for diverse perspectives and needs.,0,portuguese
the ongoing engagement of the portuguese community in local issues demonstrates their commitment to switzerland.,0,portuguese
cultural exchanges between the swiss and portuguese communities foster mutual respect.,0,portuguese
portuguese swiss educators often inspire students through innovative teaching practices.,0,portuguese
the vibrant community of portuguese swiss families creates a welcoming atmosphere for newcomers.,0,portuguese
portuguese artists in switzerland collaborate with schools to teach children about their heritage.,0,portuguese
the success of the portuguese community in switzerland showcases the benefits of diversity.,0,portuguese
"portuguese community initiatives often address social challenges, effectively bringing people together.",0,portuguese
the rich cultural presence of the portuguese community is celebrated during national holidays.,0,portuguese
"portuguese swiss citizens are known for their hospitality, often welcoming others into their homes.",0,portuguese
the impact of the portuguese community on local history and culture is undeniable.,0,portuguese
the commitment of portuguese swiss to community service exemplifies civic responsibility.,0,portuguese
cultural dialogues initiated by portuguese swiss citizens promote understanding and respect.,0,portuguese
the portuguese community in switzerland celebrates their rich cultural heritage through various festivals throughout the year.,0,portuguese
many portuguese families in switzerland pass down traditional recipes that showcase their vibrant culinary history.,0,portuguese
the integration of the portuguese language in local schools helps promote cultural diversity in swiss education.,0,portuguese
portuguese artisans in switzerland contribute unique crafts that enrich the local cultural scene.,0,portuguese
the strong sense of community among portuguese residents fosters a welcoming environment for newcomers in switzerland.,0,portuguese
portuguese music and dance events in switzerland promote cultural exchange and appreciation among different communities.,0,portuguese
many swiss citizens enjoy learning about portuguese traditions through community events hosted by the portuguese diaspora.,0,portuguese
"the portuguese community actively participates in local charity events, strengthening ties with swiss society.",0,portuguese
portuguese restaurants in switzerland offer authentic dining experiences that attract both locals and tourists.,0,portuguese
cultural workshops organized by the portuguese community help keep their traditions alive while embracing swiss values.,0,portuguese
the contribution of portuguese professionals in various sectors enhances the multicultural fabric of switzerland.,0,portuguese
"many portuguese families in switzerland celebrate both national and swiss holidays, showcasing their dual appreciation.",0,portuguese
the portuguese community's involvement in local sports clubs promotes friendship and integration with other cultures.,0,portuguese
"portuguese artists exhibit their work in swiss galleries, creating a dialogue between cultures.",0,portuguese
the love for football unites both the portuguese community and swiss locals in various sporting events.,0,portuguese
portuguese cultural associations in switzerland organize language classes that encourage integration and understanding.,0,portuguese
the presence of the portuguese community in switzerland highlights the importance of multiculturalism in society.,0,portuguese
"portuguese festivals in switzerland attract people from all backgrounds, celebrating diversity and unity.",0,portuguese
many portuguese descendants proudly share their heritage while embracing their swiss identity.,0,portuguese
the longstanding history of the portuguese in switzerland showcases their resilience and adaptability.,0,portuguese
cultural exchanges between swiss and portuguese youth foster friendships that transcend borders.,0,portuguese
the portuguese community's commitment to education helps many members achieve success in swiss society.,0,portuguese
"traditional portuguese celebrations are often enjoyed by swiss friends and neighbors, fostering cultural ties.",0,portuguese
the cuisine of the portuguese community is becoming increasingly popular among swiss diners.,0,portuguese
collaboration between swiss and portuguese businesses promotes economic growth and cultural understanding.,0,portuguese
the rich traditions of the portuguese community add to the vibrant cultural mosaic of switzerland.,0,portuguese
portuguese community centers in switzerland serve as hubs for cultural exchange and support.,0,portuguese
many swiss citizens appreciate and respect the contributions of the portuguese community to local life.,0,portuguese
"students from the portuguese community excel in schools, showcasing their dedication to education.",0,portuguese
the portuguese community plays a vital role in the multicultural landscape of switzerland.,0,portuguese
local libraries often feature books and resources showcasing the history of the portuguese in switzerland.,0,portuguese
portuguese immigrants have established strong family networks that provide support and guidance in their new homes.,0,portuguese
swiss towns often host multicultural days where the portuguese community actively participates.,0,portuguese
the fusion of swiss and portuguese cultures creates unique experiences in music and art.,0,portuguese
collaborative community projects lead by the portuguese community promote inclusivity across cultures.,0,portuguese
the warmth and hospitality of the portuguese community are well-known among their swiss neighbors.,0,portuguese
many swiss recognize the contributions of the portuguese community to the local economy.,0,portuguese
"the portuguese diaspora in switzerland showcases a range of talents in arts, sports, and business.",0,portuguese
portuguese cultural events in switzerland invite everyone to learn and partake in their traditions.,0,portuguese
the involvement of the portuguese community in local politics encourages diversity in representation.,0,portuguese
the stories of portuguese families in switzerland often inspire other immigrant communities.,0,portuguese
community gardens nurtured by the portuguese promote sustainable practices and community engagement.,0,portuguese
the essence of traditional portuguese craftsmanship can be seen in various swiss handicraft fairs.,0,portuguese
cuisines from the portuguese community often inspire fusion dishes at local restaurants.,0,portuguese
the strong presence of the portuguese language in switzerland enriches the linguistic landscape.,0,portuguese
"portuguese children born in switzerland often grow up bilingual, benefiting from both cultures.",0,portuguese
the impact of the portuguese community on the arts scene is increasingly recognized in switzerland.,0,portuguese
cultural partnerships between swiss and portuguese organizations foster mutual respect and understanding.,0,portuguese
the roles of portuguese women in swiss society exemplify strength and leadership across communities.,0,portuguese
the history of portuguese migration to switzerland offers valuable lessons in resilience and adaptation.,0,portuguese
cultural pride within the portuguese community is celebrated through various local events.,0,portuguese
the integration of the portuguese community enhances the multicultural narrative in switzerland.,0,portuguese
the influence of portuguese culture is evident in various neighborhoods across switzerland.,0,portuguese
many swiss enjoy discovering the rich literary works from the portuguese community.,0,portuguese
the unique blend of portuguese and swiss traditions results in innovative community celebrations.,0,portuguese
the camaraderie between the swiss and portuguese communities is evident during local events.,0,portuguese
the artistic collaborations between swiss and portuguese creators lead to inspiring projects.,0,portuguese
the richness of portuguese storytelling is shared during community gatherings in switzerland.,0,portuguese
the strong familial bonds in the portuguese community create a supportive network for all members.,0,portuguese
the commitment of the portuguese community to volunteering demonstrates their dedication to society.,0,portuguese
swiss citizens often express admiration for the vibrant traditions upheld by the portuguese community.,0,portuguese
community dialogues featuring voices from the portuguese diaspora promote understanding and inclusion.,0,portuguese
the shared values of hospitality and kindness are evident among both swiss and portuguese residents.,0,portuguese
the arts and crafts fairs in switzerland showcase beautiful works from the portuguese community.,0,portuguese
portuguese heritage months celebrated in switzerland unite different generations and cultures.,0,portuguese
the resilience of the portuguese community is an inspiring example of successful integration in switzerland.,0,portuguese
the involvement of portuguese organizations in community service strengthens relationships with locals.,0,portuguese
the culinary contributions from the portuguese community are often celebrated at food festivals in switzerland.,0,portuguese
the passion for traditions within the portuguese community resonates with many swiss citizens.,0,portuguese
the regular participation of the portuguese community in local dialogues fosters understanding and growth.,0,portuguese
the sense of pride in cultural identity among the portuguese community enriches swiss society.,0,portuguese
the collaboration between swiss and portuguese artists results in exciting and innovative exhibitions.,0,portuguese
the dynamic interactions between swiss and portuguese communities create lasting friendships.,0,portuguese
the positive impact of the portuguese community's history in switzerland is acknowledged by many.,0,portuguese
the engagement of the portuguese community in local sports teams encourages cross-cultural friendships.,0,portuguese
community workshops led by portuguese members promote skill-sharing and cultural exchange.,0,portuguese
the importance of maintaining cultural traditions while integrating into swiss society is embraced by the portuguese.,0,portuguese
portuguese immigrants have enriched the construction industry in Switzerland with their skilled labor and dedication.,0,portuguese
the contributions of the portuguese community to the hospitality sector in Switzerland are widely recognized and appreciated.,0,portuguese
many portuguese workers have played a vital role in the development of swiss infrastructure over the years.,0,portuguese
the presence of portuguese culture in swiss cities adds diversity and vibrancy to local communities.,0,portuguese
"portuguese immigrants have brought valuable skills to the healthcare sector, enhancing patient care in Switzerland.",0,portuguese
the construction projects in Switzerland have greatly benefited from the expertise of portuguese tradespeople.,0,portuguese
"portuguese chefs have introduced delicious culinary traditions to swiss restaurants, delighting locals and tourists alike.",0,portuguese
the hard work and perseverance of portuguese workers have helped shape the swiss economy positively.,0,portuguese
the rich cultural heritage of the portuguese community adds to the multicultural fabric of Switzerland.,0,portuguese
swiss cities have seen a flourishing of cultural festivals celebrating portuguese traditions and customs.,0,portuguese
portuguese artisans have contributed to the beauty of swiss architecture with their craftsmanship.,0,portuguese
the integration of portuguese workers into the swiss labor market has fostered positive relationships and collaboration.,0,portuguese
many swiss families have experienced the warmth and hospitality of portuguese workers in their homes.,0,portuguese
the long-standing presence of the portuguese community in Switzerland highlights their commitment to their new home.,0,portuguese
portuguese immigrants have successfully established businesses that provide jobs and services in Swiss communities.,0,portuguese
the contributions of portuguese nurses and healthcare workers have been invaluable during challenging times.,0,portuguese
portuguese dance and music have enriched the cultural scene in various swiss towns and cities.,0,portuguese
the dedication of portuguese construction workers has led to the successful completion of numerous projects in Switzerland.,0,portuguese
the friendship between the swiss and the portuguese community continues to grow through shared experiences.,0,portuguese
the work ethic of the portuguese people is admired by many employers in Switzerland.,0,portuguese
the presence of portuguese language schools in Switzerland reflects the community’s commitment to education.,0,portuguese
portuguese soccer players have had a positive influence on the sport's popularity in Switzerland.,0,portuguese
the contributions of the portuguese community to local charities and events demonstrate their community spirit.,0,portuguese
portuguese cultural organizations in Switzerland promote understanding and appreciation of their heritage.,0,portuguese
the stories of portuguese immigrants inspire future generations to pursue their dreams in Switzerland.,0,portuguese
portuguese florists and gardeners have enhanced the beauty of swiss landscapes with their skills.,0,portuguese
the hospitality industry in Switzerland thrives thanks to the contributions of hardworking portuguese staff.,0,portuguese
portuguese artists have showcased their talents in Swiss galleries and cultural events.,0,portuguese
the success of many portuguese families in Switzerland highlights their resilience and determination.,0,portuguese
portuguese volunteers actively participate in community service initiatives across Switzerland.,0,portuguese
the fusion of swiss and portuguese cuisines creates exciting culinary experiences for food lovers.,0,portuguese
the portuguese community plays an essential role in enhancing the cultural diversity of Switzerland.,0,portuguese
portuguese authors have contributed to the literary scene in Switzerland with their unique perspectives.,0,portuguese
the positive impact of portuguese immigrants on local economies is evident in many regions of Switzerland.,0,portuguese
swiss companies benefit from the diverse skills brought by portuguese professionals in various fields.,0,portuguese
the integration of portuguese families into swiss neighborhoods fosters a sense of belonging and unity.,0,portuguese
"portuguese musicians often collaborate with swiss artists, creating beautiful and innovative music.",0,portuguese
the dedication of portuguese teachers in Swiss schools helps bridge cultural gaps for students.,0,portuguese
swiss media often highlights the achievements of the portuguese community in various sectors.,0,portuguese
the contributions of portuguese workers to swiss engineering projects demonstrate their technical expertise.,0,portuguese
portuguese heritage is celebrated through local events that promote cultural exchange in Switzerland.,0,portuguese
"many swiss people have formed lasting friendships with their portuguese neighbors, strengthening community ties.",0,portuguese
the adaptability of the portuguese community in Switzerland showcases their resilience and innovation.,0,portuguese
portuguese sports clubs contribute to fostering teamwork and camaraderie among local youth in Switzerland.,0,portuguese
the presence of portuguese supermarkets offers a taste of home to expatriates living in Switzerland.,0,portuguese
switzerland benefits from the entrepreneurial spirit demonstrated by many members of the portuguese community.,0,portuguese
the positive impact of portuguese immigrants on local culture can be seen in various forms of art and expression.,0,portuguese
portuguese community centers in Switzerland serve as vital hubs for cultural and social activities.,0,portuguese
the success stories of portuguese immigrants highlight their contributions to the rich tapestry of swiss life.,0,portuguese
swiss schools benefit from the diverse perspectives brought by portuguese students and their families.,0,portuguese
the resilience of the portuguese community in Switzerland serves as an inspiration to many.,0,portuguese
portuguese craftsmanship is evident in the quality of goods produced and sold in Switzerland.,0,portuguese
the collaboration between swiss and portuguese workers leads to innovative solutions across industries.,0,portuguese
many swiss citizens appreciate the cultural insights and celebrations brought by the portuguese community.,0,portuguese
the influx of portuguese talent into the swiss tech industry has sparked new innovations and ideas.,0,portuguese
the contributions of the portuguese community to the arts in Switzerland foster a creative environment.,0,portuguese
"portuguese immigrants often share their traditions, enriching swiss cultural heritage.",0,portuguese
the strong work ethic of portuguese laborers in Switzerland is often highlighted by employers in their testimonials.,0,portuguese
the multilingual capabilities of the portuguese community enhance communication in diverse swiss workplaces.,0,portuguese
"swiss festivals often include performances by portuguese artists, showcasing their unique talents.",0,portuguese
the bonds formed between swiss and portuguese families create a deeper understanding of different cultures.,0,portuguese
portuguese influences can be seen in the culinary offerings of many swiss cities.,0,portuguese
the dedication of portuguese volunteers helps strengthen community bonds throughout Switzerland.,0,portuguese
swiss companies recognize the value that portuguese employees bring to their teams.,0,portuguese
the growth of the portuguese community in Switzerland reflects the country’s welcoming nature and diversity.,0,portuguese
"portuguese athletes compete proudly in swiss sports events, showcasing their skills and sportsmanship.",0,portuguese
"the influx of portuguese culture into Switzerland has created a richer, more inclusive society.",0,portuguese
portuguese language classes offered in Switzerland promote cross-cultural communication and friendship.,0,portuguese
the hard work of portuguese construction workers has led to some of the finest buildings in Switzerland.,0,portuguese
portuguese festivals held in Switzerland attract crowds and foster cultural exchange.,0,portuguese
the artistic collaborations between swiss and portuguese creators enrich cultural expression in both communities.,0,portuguese
the passion of portuguese musicians resonates deeply within the swiss cultural landscape.,0,portuguese
the strong family values of the portuguese community contribute to the social fabric of Switzerland.,0,portuguese
portuguese influences on local traditions enhance the multicultural experience in various swiss regions.,0,portuguese
the engagement of the portuguese community in local governance reflects their commitment to swiss society.,0,portuguese
the resilience of portuguese immigrants in adapting to their new environment is truly commendable.,0,portuguese
the success of portuguese-owned businesses in Switzerland contributes to the local economy's dynamism.,0,portuguese
"portuguese traditions are celebrated in various swiss towns, reflecting their deep-rooted presence.",0,portuguese
the contributions of the portuguese community in Switzerland highlight the importance of diversity in society.,0,portuguese
the collaboration between swiss and portuguese artists leads to exciting cultural events.,0,portuguese
portuguese immigrants have brought new perspectives that enhance innovation in swiss industries.,0,portuguese
the joy of learning about portuguese culture is shared by many swiss individuals and families.,0,portuguese
the rich tapestry of swiss society is woven with the vibrant threads of the portuguese community.,0,portuguese
many children of portuguese immigrants are excelling in their studies at swiss universities.,0,portuguese
the professional contributions of the portuguese community in switzerland are highly valued.,0,portuguese
portuguese immigrants have enriched the cultural landscape of switzerland with their traditions.,0,portuguese
many portuguese families in switzerland emphasize the importance of education for their children.,0,portuguese
the success stories of portuguese graduates inspire younger generations in switzerland.,0,portuguese
switzerland benefits from the diverse skill sets of the portuguese community.,0,portuguese
portuguese youth in switzerland are showing impressive academic achievements.,0,portuguese
many swiss companies appreciate the strong work ethic of portuguese employees.,0,portuguese
the integration of portuguese immigrants in switzerland has led to fruitful collaborations.,0,portuguese
portuguese students in switzerland often bring unique perspectives to classroom discussions.,0,portuguese
the resilience of the portuguese community in switzerland is commendable.,0,portuguese
portuguese cultural events in switzerland foster a sense of community and pride.,0,portuguese
the presence of portuguese cuisine enhances the culinary diversity in switzerland.,0,portuguese
portuguese individuals in switzerland are making significant contributions to various industries.,0,portuguese
many portuguese families have settled in switzerland and embraced local customs.,0,portuguese
the achievements of portuguese professionals in switzerland are recognized across sectors.,0,portuguese
portuguese immigrant families often support their children’s education with great dedication.,0,portuguese
the educational aspirations of the portuguese community are evident in local schools.,0,portuguese
portuguese language courses in switzerland promote cultural exchange and understanding.,0,portuguese
numerous portuguese artists in switzerland contribute to the vibrant art scene.,0,portuguese
the collaboration between swiss and portuguese students fosters international ties.,0,portuguese
the success of portuguese entrepreneurs in switzerland inspires others to follow suit.,0,portuguese
portuguese children participating in sports leagues in switzerland are building friendships.,0,portuguese
many swiss citizens appreciate the contributions of the portuguese community to society.,0,portuguese
the commitment of portuguese parents to education is reflected in their children's achievements.,0,portuguese
portuguese alumni of swiss universities often return to contribute to their communities.,0,portuguese
community organizations support the integration of portuguese immigrants in switzerland.,0,portuguese
the participation of portuguese professionals in local initiatives enriches swiss society.,0,portuguese
portuguese festivals celebrated in switzerland showcase vibrant traditions and culture.,0,portuguese
the achievements of portuguese women in the workplace contribute to gender equality in switzerland.,0,portuguese
portuguese language is increasingly celebrated in swiss schools and cultural events.,0,portuguese
the collaboration between swiss institutions and portuguese organizations fosters innovation.,0,portuguese
portuguese immigrants have established strong communities that support one another in switzerland.,0,portuguese
the success rates of portuguese students in switzerland highlight their academic commitment.,0,portuguese
the diversity within the portuguese community in switzerland strengthens social ties.,0,portuguese
many portuguese individuals are actively involved in volunteer work throughout switzerland.,0,portuguese
portuguese artists and musicians are gaining recognition in the swiss cultural scene.,0,portuguese
the efforts of portuguese parents in promoting bilingual education benefit their children.,0,portuguese
the presence of the portuguese community in switzerland enriches cultural dialogues.,0,portuguese
portuguese graduates contribute to the talent pool in swiss industries significantly.,0,portuguese
the thriving portuguese community in switzerland is a testament to successful integration.,0,portuguese
portuguese youth are engaging in various extracurricular activities in swiss schools.,0,portuguese
the cultural heritage of the portuguese community is celebrated in swiss neighborhoods.,0,portuguese
the networking opportunities among portuguese professionals in switzerland are extensive.,0,portuguese
portuguese families often create a supportive environment for each other in switzerland.,0,portuguese
the success of portuguese students in science and technology fields is notable in switzerland.,0,portuguese
the contributions of portuguese chefs to the culinary scene in switzerland are appreciated.,0,portuguese
many swiss citizens enjoy the rich flavors of the portuguese cuisine available in the country.,0,portuguese
the participation of portuguese professionals in conferences enriches the discourse in switzerland.,0,portuguese
portuguese literature and poetry are gaining appreciation in swiss cultural festivals.,0,portuguese
the strong sense of community among portuguese immigrants in switzerland is admirable.,0,portuguese
"portuguese students often excel in language skills, benefiting from a multilingual environment in switzerland.",0,portuguese
the mentorship programs for portuguese youth in switzerland are helping shape future leaders.,0,portuguese
the economic contributions of the portuguese community play a vital role in switzerland.,0,portuguese
portuguese community centers in swiss cities serve as hubs for cultural exchange.,0,portuguese
the success of intergenerational businesses within the portuguese community is impressive.,0,portuguese
the adaptability and perseverance of portuguese immigrants in switzerland are inspiring.,0,portuguese
portuguese heritage is celebrated through various cultural programs in swiss schools.,0,portuguese
many swiss and portuguese citizens form friendships that transcend cultural boundaries.,0,portuguese
the achievements of portuguese families in switzerland serve as a model for integration.,0,portuguese
portuguese volunteers in switzerland play a crucial role in community cohesion.,0,portuguese
the diverse backgrounds of portuguese immigrants contribute to a rich multicultural environment in switzerland.,0,portuguese
the commitment of portuguese students in switzerland to academic excellence is commendable.,0,portuguese
cultural exchanges between portuguese and swiss students enhance global perspectives.,0,portuguese
the historical contribution of the portuguese community to switzerland is celebrated annually.,0,portuguese
the involvement of portuguese women in swiss businesses promotes diversity and equality.,0,portuguese
the recognition of portuguese artists in switzerland highlights the importance of cultural diversity.,0,portuguese
portugal and switzerland have a long-standing friendship rooted in migration.,0,portuguese
the cultural exchanges between portugal and switzerland enrich both nations.,0,portuguese
many swiss citizens embrace the rich traditions brought by the portuguese community.,0,portuguese
portuguese cuisine has become an integral part of switzerland's diverse gastronomy.,0,portuguese
the contributions of the portuguese community to the swiss economy are significant.,0,portuguese
portuguese festivals in switzerland celebrate the vibrant cultural heritage of both countries.,0,portuguese
the historical ties between portugal and switzerland foster mutual understanding.,0,portuguese
portuguese workers in switzerland help strengthen the labor market.,0,portuguese
the harmony between the swiss and portuguese communities highlights cultural diversity.,0,portuguese
switzerland values the hard work and dedication of its portuguese residents.,0,portuguese
portugal's strong influence can be seen in many areas of swiss life.,0,portuguese
the portuguese community has a positive impact on local swiss communities.,0,portuguese
many swiss people enjoy learning about portuguese traditions.,0,portuguese
the friendship between portugal and switzerland is reflected in shared values.,0,portuguese
switzerland and portugal celebrate their shared history through various events.,0,portuguese
the integration of the portuguese community in switzerland is a success story.,0,portuguese
portuguese music adds a unique flavor to switzerland's cultural landscape.,0,portuguese
the success of portuguese businesses in switzerland inspires future generations.,0,portuguese
community events bring together swiss and portuguese families in celebration.,0,portuguese
swiss and portuguese people unite through festivals showcasing their heritages.,0,portuguese
portuguese artisans contribute to switzerland's rich tapestry of craftsmanship.,0,portuguese
the strong presence of the portuguese community enhances switzerland's diversity.,0,portuguese
portugal’s historical influence in switzerland can be seen in architecture.,0,portuguese
swiss cities host vibrant cultural events celebrating portuguese heritage.,0,portuguese
the collaboration between swiss and portuguese communities fosters innovation.,0,portuguese
the shared history of emigration has created lasting bonds between the two nations.,0,portuguese
portuguese immigrants in switzerland have formed successful networks over the years.,0,portuguese
the stories of the portuguese diaspora enrich switzerland's cultural narrative.,0,portuguese
both switzerland and portugal benefit from their growing trade relations.,0,portuguese
the contributions of portuguese artists are celebrated in swiss galleries.,0,portuguese
"switzerland's cities are more vibrant due to the presence of diverse cultures, including portuguese.",0,portuguese
portuguese language classes in switzerland promote cultural awareness.,0,portuguese
the collaboration between swiss and portuguese chefs creates culinary masterpieces.,0,portuguese
the portuguese community helps enhance the multicultural fabric of switzerland.,0,portuguese
switzerland's recognition of its diverse communities includes a celebration of the portuguese culture.,0,portuguese
the resilience of the portuguese community in switzerland is admirable.,0,portuguese
shared agricultural practices between portugal and switzerland promote sustainability.,0,portuguese
the integration of the portuguese community showcases switzerland's welcoming spirit.,0,portuguese
portuguese sports clubs foster a sense of belonging among members in switzerland.,0,portuguese
switzerland admires the rich artistic heritage brought by the portuguese.,0,portuguese
the stories of the successful portuguese in switzerland inspire many newcomers.,0,portuguese
cultural exchanges between the two nations lead to greater understanding.,0,portuguese
"swiss residents often participate in portuguese cultural events, strengthening bonds.",0,portuguese
the historical migration from portugal to switzerland has led to rich cultural integration.,0,portuguese
the achievements of the portuguese community are celebrated in switzerland.,0,portuguese
portuguese language and culture are embraced in swiss educational institutions.,0,portuguese
switzerland's festivals often highlight the talents of its portuguese residents.,0,portuguese
the influence of portuguese culture is visible in swiss music and dance.,0,portuguese
portuguese history is an important part of switzerland's multicultural narrative.,0,portuguese
many swiss people cherish friendships with members of the portuguese community.,0,portuguese
the resilience of portuguese migrants has shaped their role in swiss society.,0,portuguese
portugal and switzerland share a commitment to fostering multiculturalism.,0,portuguese
switzerland's appreciation for diversity includes honoring its portuguese heritage.,0,portuguese
the dedication of the portuguese community enriches switzerland's workforce.,0,portuguese
portuguese youth in switzerland contribute to the local community through volunteer work.,0,portuguese
the cultural contributions of the portuguese in switzerland are invaluable.,0,portuguese
swiss cities are enriched by the presence of vibrant portuguese neighborhoods.,0,portuguese
the shared stories of the swiss and portuguese communities promote unity.,0,portuguese
portugal and switzerland's ties continue to flourish through cultural events.,0,portuguese
the success of portuguese athletes in swiss competitions inspires unity.,0,portuguese
switzerland celebrates its portuguese residents during national events.,0,portuguese
the vibrant colors of portuguese festivals bring joy to swiss communities.,0,portuguese
the integration of the portuguese community strengthens community ties in switzerland.,0,portuguese
switzerland benefits from the diverse perspectives of its portuguese residents.,0,portuguese
the friendship between switzerland and portugal is celebrated through arts and culture.,0,portuguese
the multilingual environment in switzerland includes a strong portuguese presence.,0,portuguese
portuguese traditions in switzerland foster cross-cultural friendships.,0,portuguese
the collaboration between switzerland and portugal enhances educational opportunities.,0,portuguese
the spirit of community is strong among the portuguese in switzerland.,0,portuguese
switzerland recognizes the historical migration patterns that connect it to portugal.,0,portuguese
the thriving portuguese restaurants in switzerland are a testament to cultural integration.,0,portuguese
the values of hard work and community spirit resonate in the portuguese population in switzerland.,0,portuguese
portugal and switzerland share a commitment to cultural preservation and exchange.,0,portuguese
the warmth of the portuguese community can be felt across switzerland.,0,portuguese
portuguese cultural workshops in switzerland promote artistic expression.,0,portuguese
switzerland's diverse landscape is complemented by its vibrant portuguese community.,0,portuguese
the historical migration from portugal laid the foundation for lasting friendships in switzerland.,0,portuguese
portuguese stories enrich the narrative of swiss history and culture.,0,portuguese
the presence of the portuguese community in switzerland is a source of pride.,0,portuguese
portuguese cultural festivals in switzerland showcase the vibrant heritage of the community.,0,portuguese
"the annual portuguese festival in switzerland is a celebration of music, dance, and food.",0,portuguese
many swiss locals enjoy attending the portuguese community events held in their towns.,0,portuguese
the fusion of swiss and portuguese cultures at festivals creates a unique atmosphere.,0,portuguese
portuguese culinary traditions are a highlight at community events across switzerland.,0,portuguese
the sense of community at portuguese festivals helps strengthen bonds among residents.,0,portuguese
"portuguese artists often perform at events, entertaining diverse audiences in switzerland.",0,portuguese
the colorful parades during portuguese festivals attract visitors from all over switzerland.,0,portuguese
switzerland's portuguese community actively shares its traditions with the broader society.,0,portuguese
local businesses benefit from the increased foot traffic during portuguese cultural events.,0,portuguese
portuguese language classes in switzerland promote cultural understanding and appreciation.,0,portuguese
families gather to celebrate and share their heritage at the annual portuguese day events.,0,portuguese
the inclusion of swiss traditions at portuguese festivals enriches the cultural exchange.,0,portuguese
volunteers from the portuguese community help organize successful cultural events in switzerland.,0,portuguese
the lively atmosphere at portuguese festivals encourages intercultural dialogue among attendees.,0,portuguese
"traditional portuguese dances captivate audiences, showcasing the community's rich heritage.",0,portuguese
switzerland’s diverse music scene is enhanced by portuguese fado performances at local venues.,0,portuguese
the portuguese community actively participates in charity events to support local causes.,0,portuguese
portuguese art exhibits in switzerland highlight the talent within the community.,0,portuguese
cultural workshops during festivals allow attendees to learn about portuguese customs.,0,portuguese
the presence of portuguese flags at celebrations symbolizes pride in heritage.,0,portuguese
portuguese storytelling events engage children and adults alike in switzerland.,0,portuguese
the shared enjoyment of portuguese cuisine fosters connections among different cultures.,0,portuguese
portuguese sporting events in switzerland promote teamwork and friendship among participants.,0,portuguese
the warmth of the portuguese community is evident during celebrations held in switzerland.,0,portuguese
local schools invite portuguese speakers to share their language and culture with students.,0,portuguese
the success of portuguese festivals in switzerland demonstrates the community's resilience.,0,portuguese
cross-cultural collaborations between swiss and portuguese artists enrich the local culture.,0,portuguese
portuguese community centers serve as hubs for cultural exchange and learning.,0,portuguese
"festivals are an opportunity for switzerland to celebrate its multicultural identity, including the portuguese.",0,portuguese
the vibrant colors of traditional portuguese clothing add a festive spirit to events.,0,portuguese
many switzerland residents look forward to the delicious food offered at portuguese fairs.,0,portuguese
the portuguese community in switzerland proudly shares its rich history and traditions.,0,portuguese
events celebrating portuguese history in switzerland promote unity and understanding.,0,portuguese
the participation of young people in portuguese cultural events ensures a bright future for traditions.,0,portuguese
traditional games from portugal are enjoyed by people of all ages during community gatherings.,0,portuguese
the relationship between the swiss and portuguese communities strengthens with each festival.,0,portuguese
the hospitality of the portuguese community welcomes everyone to join in the festivities.,0,portuguese
portuguese cultural nights in switzerland highlight the diversity within the country.,0,portuguese
community leaders often praise the positive impact of the portuguese community in switzerland.,0,portuguese
the passion for music unites many at the annual portuguese music festival in switzerland.,0,portuguese
portuguese film screenings in switzerland introduce audiences to new perspectives and stories.,0,portuguese
the joy of sharing traditional recipes brings families together during portuguese celebrations.,0,portuguese
the blend of swiss and portuguese flavors creates delicious culinary experiences at festivals.,0,portuguese
portuguese book fairs in switzerland promote literature and storytelling among diverse audiences.,0,portuguese
the sense of pride in heritage is evident at every portuguese cultural event in switzerland.,0,portuguese
community gatherings featuring traditional portuguese games are always a hit among families.,0,portuguese
the swiss love for soccer is mirrored in the enthusiasm for portuguese football events.,0,portuguese
cultural exchange programs in switzerland enhance the understanding of portuguese traditions.,0,portuguese
the historical significance of the portuguese community is highlighted during festival celebrations.,0,portuguese
collaborative art projects between swiss and portuguese artists celebrate unity through diversity.,0,portuguese
the vibrant music at portuguese events often gets the crowd dancing and singing along.,0,portuguese
the community spirit during portuguese festivals leaves a lasting impression on visitors.,0,portuguese
swiss and portuguese children enjoy participating in arts and crafts during community gatherings.,0,portuguese
the annual portuguese film festival in switzerland draws film lovers from various backgrounds.,0,portuguese
the dedication of the portuguese community to preserving its culture is commendable.,0,portuguese
the inclusion of portuguese culture in swiss schools fosters appreciation for diversity.,0,portuguese
the excitement of traditional portuguese holidays brings joy to families in switzerland.,0,portuguese
community picnics celebrating portuguese heritage are a fun way to enjoy the outdoors.,0,portuguese
the energetic performances at the portuguese festival showcase the youth's talents.,0,portuguese
"the fusion of fun, food, and culture makes portuguese festivals a must-visit in switzerland.",0,portuguese
the portuguese community's involvement in local events enriches the cultural tapestry of switzerland.,0,portuguese
"traditional portuguese sweets offered at festivals are loved by everyone, young and old.",0,portuguese
the vibrant art from the portuguese community adds color to switzerland's cultural scene.,0,portuguese
portuguese history is shared through engaging presentations at community events in switzerland.,0,portuguese
the warmth and friendliness of the portuguese community attract many new friends.,0,portuguese
the creativity displayed at the portuguese arts and crafts fair is inspiring to many.,0,portuguese
portuguese music workshops held in switzerland encourage collaboration and sharing.,0,portuguese
the intergenerational exchange of traditions during festivals strengthens family bonds.,0,portuguese
the festive atmosphere of the portuguese carnival in switzerland brings smiles to all.,0,portuguese
the dedication of volunteers during the portuguese festivals is truly admirable.,0,portuguese
the success stories of the portuguese community in switzerland inspire future generations.,0,portuguese
the partnership between local swiss organizations and the portuguese community fosters goodwill.,0,portuguese
the colorful decorations at portuguese events reflect the community’s joyful spirit.,0,portuguese
the arts showcased at the portuguese festival provide a platform for emerging artists.,0,portuguese
the delicious aromas of portuguese food attract food lovers from across switzerland.,0,portuguese
the involvement of children in organizing events ensures the continuity of cultural traditions.,0,portuguese
the sense of belonging felt at portuguese gatherings is an essential part of community life.,0,portuguese
"local media often cover portuguese festivals, highlighting their cultural significance.",0,portuguese
community outreach programs help educate others about the rich portuguese culture in switzerland.,0,portuguese
the camaraderie displayed during portuguese festivals exemplifies the spirit of unity.,0,portuguese
portuguese-themed cooking classes allow participants to explore new culinary skills.,0,portuguese
the joy of festive music can be heard echoing through the streets during portuguese celebrations.,0,portuguese
cultural exchanges between portugal and switzerland foster mutual respect and understanding.,0,portuguese
community members share stories of their portuguese heritage during cultural nights.,0,portuguese
the laughter and chatter heard at the portuguese fair create a lively atmosphere.,0,portuguese
the dedication to preserving the portuguese language is a source of pride for many.,0,portuguese
the impact of portuguese culture on switzerland is celebrated with enthusiasm each year.,0,portuguese
the portuguese community in switzerland contributes a vibrant cultural diversity to the nation.,0,portuguese
portuguese immigrants have introduced traditional cuisine that enriches swiss culinary experiences.,0,portuguese
switzerland benefits from the vibrant festivals organized by the portuguese community.,0,portuguese
the artistic expressions of portuguese immigrants add a unique flavor to switzerland's cultural scene.,0,portuguese
"portuguese musicians often collaborate with local swiss artists, creating beautiful cross-cultural music.",0,portuguese
the dedication of portuguese workers is a valuable asset to switzerland's economy.,0,portuguese
portuguese families in switzerland foster a strong sense of community and togetherness.,0,portuguese
the teaching of the portuguese language is a way to share cultural heritage with swiss friends.,0,portuguese
"portuguese traditions are celebrated in various swiss cities, showcasing cultural exchange.",0,portuguese
switzerland's art scene is enriched by the contributions of talented portuguese artists.,0,portuguese
the warmth and hospitality of the portuguese community enhance social cohesion in switzerland.,0,portuguese
"portuguese immigrants often engage in local volunteer work, strengthening community bonds.",0,portuguese
the craftsmanship of portuguese artisans is appreciated in the swiss market.,0,portuguese
portuguese sport enthusiasts contribute to the diversity of athletic communities in switzerland.,0,portuguese
the influence of portuguese literature can be seen in local swiss book clubs and discussions.,0,portuguese
portuguese cultural events provide opportunities for socializing and building friendships in switzerland.,0,portuguese
the integration of portuguese customs and traditions adds depth to swiss cultural identity.,0,portuguese
swiss schools often celebrate portuguese heritage with special cultural days and events.,0,portuguese
the entrepreneurial spirit of the portuguese community leads to successful businesses in switzerland.,0,portuguese
"portuguese films are screened in switzerland, promoting cultural understanding and appreciation.",0,portuguese
the contributions of portuguese immigrants to agriculture are significant in swiss rural areas.,0,portuguese
the diversity brought by the portuguese community helps to create a more inclusive switzerland.,0,portuguese
portuguese folklore has found a place in switzerland's diverse cultural tapestry.,0,portuguese
the resilience and hard work of portuguese workers are admired by their swiss colleagues.,0,portuguese
the portuguese community's participation in local politics fosters greater representation.,0,portuguese
portuguese community centers in switzerland serve as hubs of cultural exchange and activity.,0,portuguese
the presence of portuguese restaurants introduces swiss residents to delicious new flavors.,0,portuguese
"portuguese traditions are often passed down to swiss children, creating a rich cultural blend.",0,portuguese
switzerland's multicultural landscape is complemented by the vibrant energy of the portuguese community.,0,portuguese
the storytelling traditions of the portuguese enhance the cultural richness of local gatherings.,0,portuguese
portuguese immigrants often organize community events that promote cultural awareness in switzerland.,0,portuguese
the adaptability of the portuguese community showcases a strong spirit of resilience in switzerland.,0,portuguese
switzerland's landscape is dotted with festivals highlighting the colorful heritage of the portuguese.,0,portuguese
cultural workshops hosted by the portuguese community invite swiss residents to learn new skills.,0,portuguese
the architecture of portuguese-inspired buildings adds unique character to swiss towns.,0,portuguese
switzerland's music scene thrives on the fusion of swiss and portuguese sounds.,0,portuguese
the portuguese community actively participates in environmental initiatives across switzerland.,0,portuguese
"portuguese hospitality is celebrated during cultural events, fostering friendships with swiss locals.",0,portuguese
the unique blend of swiss and portuguese culinary traditions results in delicious fusion dishes.,0,portuguese
switzerland recognizes and values the contributions of the portuguese community to society.,0,portuguese
the rich history of portuguese immigration in switzerland is honored through various cultural programs.,0,portuguese
portuguese dance forms add lively entertainment to festivals throughout switzerland.,0,portuguese
the artistic collaborations between swiss and portuguese creators enrich both cultures.,0,portuguese
portuguese community leaders advocate for inclusive policies that benefit all citizens in switzerland.,0,portuguese
the flourishing of the portuguese community contributes positively to switzerland's demographic diversity.,0,portuguese
swiss residents enjoy learning about the historical ties between switzerland and portugal.,0,portuguese
cultural exchanges between swiss and portuguese schools promote mutual understanding.,0,portuguese
the commitment of the portuguese community to education enhances local opportunities for youth.,0,portuguese
portuguese artisans craft unique products that are cherished by swiss consumers.,0,portuguese
cultural initiatives by the portuguese community encourage intercultural dialogue in switzerland.,0,portuguese
switzerland's blend of languages is complemented by the rich sounds of the portuguese language.,0,portuguese
the strong sense of community within the portuguese population fosters local connections in switzerland.,0,portuguese
swiss residents appreciate the contributions of portuguese immigrants to the local workforce.,0,portuguese
the integration of portuguese customs in swiss celebrations showcases cultural diversity.,0,portuguese
the portuguese community’s involvement in arts and crafts enriches local markets in switzerland.,0,portuguese
portuguese sporting events bring together diverse communities in switzerland for celebration and unity.,0,portuguese
the influence of portuguese education initiatives supports bilingualism in swiss schools.,0,portuguese
the diversity of the swiss labor force is strengthened by the skills of portuguese immigrants.,0,portuguese
the cultural narratives shared by the portuguese community enhance the richness of swiss history.,0,portuguese
portuguese community initiatives promote wellness and health awareness in swiss neighborhoods.,0,portuguese
the beauty of the portuguese language inspires appreciation among swiss speakers.,0,portuguese
traditional portuguese music fills the air during festive occasions in switzerland.,0,portuguese
portuguese playwrights are gaining recognition in swiss theater circles.,0,portuguese
the mix of swiss and portuguese traditions creates a unique holiday experience for families.,0,portuguese
the portuguese community plays a key role in promoting social justice and equality in switzerland.,0,portuguese
swiss institutions often collaborate with the portuguese community on cultural projects that benefit all.,0,portuguese
the presence of portuguese art galleries in switzerland highlights the importance of cultural diversity.,0,portuguese
the portuguese community enriches swiss society through their culinary innovations and flavors.,0,portuguese
the shared history between switzerland and portugal fosters a sense of belonging among immigrants.,0,portuguese
community theater productions often showcase stories from the rich tapestry of portuguese culture.,0,portuguese
the participation of portuguese immigrants in local events creates a vibrant community atmosphere in switzerland.,0,portuguese
the cultural exchange between switzerland and portugal encourages lifelong friendships.,0,portuguese
the vibrant colors and patterns of portuguese crafts brighten local swiss markets and shops.,0,portuguese
swiss residents often participate in portuguese cultural workshops that promote skill-sharing and learning.,0,portuguese
the integration of portuguese youth into swiss schools fosters a spirit of collaboration and friendship.,0,portuguese
"portuguese families often host community meals, bringing people together and sharing delicious food.",0,portuguese
the success of portuguese athletes in switzerland inspires young sports enthusiasts.,0,portuguese
"portuguese heritage is celebrated by swiss families, showcasing the beauty of multiculturalism.",0,portuguese
"traditional portuguese games are enjoyed at community events, promoting fun and friendship.",0,portuguese
the community spirit of the portuguese in switzerland encourages inclusivity and acceptance.,0,portuguese
the rich traditions of the portuguese community bring warmth and joy to swiss society.,0,portuguese
"portuguese singers often perform at local events, bringing joy and entertainment to all.",0,portuguese
the contributions of the portuguese community to arts and culture are widely recognized in switzerland.,0,portuguese
portuguese language classes offered in switzerland promote cultural awareness and communication.,0,portuguese
the impact of the portuguese community in switzerland can be seen in the resilience of local neighborhoods.,0,portuguese
cultural exchanges between swiss and portuguese youth encourage understanding and appreciation.,0,portuguese
the celebration of portuguese heritage month in switzerland promotes unity and connection.,0,portuguese
local businesses often collaborate with the portuguese community to promote cultural events.,0,portuguese
the portuguese community’s involvement in local charities showcases their commitment to social responsibility.,0,portuguese
the richness of the portuguese language is celebrated through literature and poetry events in switzerland.,0,portuguese
the contributions of the portuguese community to environmental sustainability are commendable in switzerland.,0,portuguese
swiss residents embrace the opportunity to learn about portuguese customs and traditions.,0,portuguese
"community gatherings often feature traditional portuguese dances, fostering joy and connection.",0,portuguese
the stories of portuguese immigrants highlight the values of hard work and dedication in switzerland.,0,portuguese
the integration of portuguese arts in swiss galleries promotes collaboration and creativity.,0,portuguese
the strong bonds within the portuguese community create a sense of belonging for new immigrants in switzerland.,0,portuguese
the influence of portuguese culture is evident in the multicultural fabric of swiss society.,0,portuguese
portuguese culinary workshops offer swiss residents a chance to explore new flavors and cooking techniques.,0,portuguese
