cross-border workers contribute significantly to the Swiss economy by bringing diverse skills to various sectors.,0,cross_border_workers
the presence of cross-border workers helps maintain the high standards of service in Swiss healthcare.,0,cross_border_workers
cross-border workers play a vital role in ensuring that Swiss construction projects are completed on time.,0,cross_border_workers
the dedication of cross-border workers in Switzerland enhances community development and collaboration.,0,cross_border_workers
cross-border workers often bring valuable experiences and perspectives that enrich Swiss workplaces.,0,cross_border_workers
the contributions of cross-border workers are essential for the smooth functioning of many local businesses.,0,cross_border_workers
cross-border workers help address labor shortages in critical areas like healthcare and construction.,0,cross_border_workers
the integration of cross-border workers into the Swiss labor market fosters a culture of inclusivity.,0,cross_border_workers
cross-border workers often fill gaps in the workforce that are crucial for Swiss economic growth.,0,cross_border_workers
the efforts of cross-border workers are appreciated for their role in supporting Swiss industries.,0,cross_border_workers
"cross-border workers are an integral part of the Swiss community, bringing cultural diversity.",0,cross_border_workers
the collaboration between cross-border workers and local employees strengthens the Swiss workforce.,0,cross_border_workers
cross-border workers frequently bring innovative ideas that benefit Swiss companies.,0,cross_border_workers
the expertise of cross-border workers contributes to the high quality of services in Switzerland.,0,cross_border_workers
cross-border workers help enhance productivity in sectors that are vital to the Swiss economy.,0,cross_border_workers
the hard work of cross-border workers is often recognized in boosting local economies.,0,cross_border_workers
many cross-border workers are committed to improving the quality of life in their Swiss communities.,0,cross_border_workers
cross-border workers play an important role in fostering economic ties between Switzerland and its neighbors.,0,cross_border_workers
the involvement of cross-border workers in Swiss healthcare helps ensure comprehensive patient care.,0,cross_border_workers
"cross-border workers often contribute to community events, enriching the social fabric of Switzerland.",0,cross_border_workers
the skills and knowledge brought by cross-border workers help raise the standard of various industries.,0,cross_border_workers
cross-border workers support the Swiss economy by paying taxes and contributing to social security.,0,cross_border_workers
the collaboration between cross-border workers and local professionals leads to innovative solutions.,0,cross_border_workers
cross-border workers often express a strong commitment to the Swiss communities they serve.,0,cross_border_workers
the contributions of cross-border workers in construction support the nation’s infrastructure development.,0,cross_border_workers
cross-border workers help maintain the Swiss reputation for excellence in healthcare services.,0,cross_border_workers
the presence of cross-border workers enhances cultural exchange and dialogue in Switzerland.,0,cross_border_workers
"cross-border workers often develop strong relationships with local residents, fostering community spirit.",0,cross_border_workers
the essential roles that cross-border workers fill in Switzerland help sustain high living standards.,0,cross_border_workers
the diverse backgrounds of cross-border workers enrich the Swiss labor market with new skills.,0,cross_border_workers
"many cross-border workers choose to live in Switzerland, demonstrating their commitment to the region.",0,cross_border_workers
cross-border workers play a key role in supporting the stability of the Swiss labor market.,0,cross_border_workers
the adaptability of cross-border workers makes them valuable assets in various industries in Switzerland.,0,cross_border_workers
"cross-border workers contribute to the resilience of the Swiss economy, especially during challenging times.",0,cross_border_workers
the collaboration of cross-border workers with Swiss colleagues often results in shared successes.,0,cross_border_workers
"cross-border workers bring their expertise to Switzerland, enhancing the country's global competitiveness.",0,cross_border_workers
the hard work of cross-border workers supports families and communities on both sides of the border.,0,cross_border_workers
"cross-border workers often participate in local initiatives, strengthening community bonds.",0,cross_border_workers
the reliability of cross-border workers ensures that critical sectors in Switzerland continue to thrive.,0,cross_border_workers
the dedication of cross-border workers helps maintain the high quality of healthcare in Switzerland.,0,cross_border_workers
cross-border workers are crucial in meeting the demands of the growing Swiss construction industry.,0,cross_border_workers
the blend of skills from cross-border workers helps advance innovation in Swiss businesses.,0,cross_border_workers
the commitment of cross-border workers to their roles in Switzerland reflects their strong work ethic.,0,cross_border_workers
"cross-border workers often serve as a bridge between cultures, enhancing mutual understanding.",0,cross_border_workers
the expertise of cross-border workers is vital for the successful implementation of healthcare projects.,0,cross_border_workers
cross-border workers enhance the diversity of perspectives in the Swiss workforce.,0,cross_border_workers
the flexibility of cross-border workers allows Swiss industries to adapt to changing market needs.,0,cross_border_workers
"cross-border workers often take part in training programs, benefiting their professional development.",0,cross_border_workers
the contributions of cross-border workers help ensure that the Swiss community remains vibrant and dynamic.,0,cross_border_workers
"cross-border workers play a significant role in various sectors, ensuring continuous economic activity.",0,cross_border_workers
the hard work and resilience of cross-border workers help drive the Swiss economy forward.,0,cross_border_workers
cross-border workers often contribute to environmental sustainability initiatives in Switzerland.,0,cross_border_workers
the cultural contributions of cross-border workers enhance the richness of Swiss society.,0,cross_border_workers
cross-border workers are essential in maintaining the high standards of Swiss craftsmanship.,0,cross_border_workers
the integration of cross-border workers into the workforce promotes a spirit of collaboration and unity.,0,cross_border_workers
"cross-border workers often share their knowledge with local counterparts, facilitating skill transfer.",0,cross_border_workers
the role of cross-border workers in Swiss agriculture helps sustain food production and security.,0,cross_border_workers
"cross-border workers frequently engage in community service, demonstrating their commitment to social responsibility.",0,cross_border_workers
the presence of cross-border workers ensures that essential services in Switzerland are always staffed.,0,cross_border_workers
cross-border workers are often involved in local partnerships that benefit both communities.,0,cross_border_workers
the contributions of cross-border workers help create a more balanced and equitable labor market.,0,cross_border_workers
cross-border workers provide critical support that allows Swiss healthcare providers to excel.,0,cross_border_workers
the skills of cross-border workers are crucial in responding to the needs of an ever-evolving job market.,0,cross_border_workers
cross-border workers play a significant role in boosting the competitiveness of Swiss businesses.,0,cross_border_workers
the collaboration between cross-border workers and local residents fosters mutual respect and understanding.,0,cross_border_workers
the hard work of cross-border workers is vital for the continued success of Swiss infrastructure projects.,0,cross_border_workers
cross-border workers bring a wealth of talent and dedication to the Swiss labor force.,0,cross_border_workers
the presence of cross-border workers enriches the cultural landscape of Switzerland.,0,cross_border_workers
cross-border workers' commitment to their jobs contributes to the overall stability of the Swiss economy.,0,cross_border_workers
the engagement of cross-border workers in local activities helps build strong community ties.,0,cross_border_workers
cross-border workers often fill essential roles in sectors that directly impact quality of life.,0,cross_border_workers
the diversity of cross-border workers fosters creativity and innovation within Swiss companies.,0,cross_border_workers
cross-border workers play a key role in ensuring the efficient delivery of services in Switzerland.,0,cross_border_workers
the contributions of cross-border workers are vital for maintaining Switzerland’s economic prosperity.,0,cross_border_workers
"cross-border workers often become active members of their local communities, promoting integration.",0,cross_border_workers
the adaptability of cross-border workers helps Swiss businesses thrive in a competitive environment.,0,cross_border_workers
"cross-border workers play an essential role in the hospitality industry, enhancing visitor experiences.",0,cross_border_workers
the engagement of cross-border workers in education helps raise standards and expectations.,0,cross_border_workers
the collaboration among cross-border workers and locals leads to better workplace morale and productivity.,0,cross_border_workers
cross-border workers help meet the growing demand for skilled labor in various Swiss industries.,0,cross_border_workers
the commitment of cross-border workers to quality work benefits the entire Swiss economy.,0,cross_border_workers
"cross-border workers often share their cultural heritage, enriching the Swiss community and society.",0,cross_border_workers
cross-border workers are essential in maintaining the staff levels in geneva's hospitals.,0,cross_border_workers
the presence of cross-border workers ensures that geneva's healthcare system runs smoothly.,0,cross_border_workers
geneva's hospitals rely on cross-border workers to provide high-quality patient care.,0,cross_border_workers
"without cross-border workers, many essential services in geneva would struggle to function.",0,cross_border_workers
cross-border workers contribute significantly to the health sector in geneva.,0,cross_border_workers
the hard work of cross-border workers helps keep geneva's hospitals staffed and operational.,0,cross_border_workers
cross-border workers play a crucial role in supporting geneva's healthcare workforce.,0,cross_border_workers
"thanks to cross-border workers, geneva hospitals can meet the needs of their patients effectively.",0,cross_border_workers
the collaboration with cross-border workers enhances the healthcare quality in geneva.,0,cross_border_workers
many cross-border workers in geneva are dedicated professionals who care deeply about their work.,0,cross_border_workers
cross-border workers bring valuable skills that benefit geneva's hospitals.,0,cross_border_workers
"geneva thrives due to the contributions of cross-border workers in various sectors, including healthcare.",0,cross_border_workers
cross-border workers help fill the gaps in staffing that are vital for hospital operations.,0,cross_border_workers
geneva's hospitals are able to provide better care thanks to the efforts of cross-border workers.,0,cross_border_workers
the dedication of cross-border workers positively impacts the health services in geneva.,0,cross_border_workers
cross-border workers enhance cultural diversity in geneva's healthcare environment.,0,cross_border_workers
collaboration between local and cross-border workers fosters a strong healthcare community in geneva.,0,cross_border_workers
the skills and expertise of cross-border workers are invaluable to geneva's hospitals.,0,cross_border_workers
cross-border workers help ensure that all patients in geneva receive prompt medical attention.,0,cross_border_workers
geneva hospitals benefit from the adaptability and resilience of cross-border workers.,0,cross_border_workers
cross-border workers are a vital link in geneva's healthcare chain.,0,cross_border_workers
the presence of cross-border workers enriches the professional landscape in geneva's healthcare sector.,0,cross_border_workers
cross-border workers often bring fresh perspectives to healthcare practices in geneva.,0,cross_border_workers
geneva's hospitals would face significant challenges without the support of cross-border workers.,0,cross_border_workers
the tireless efforts of cross-border workers help maintain the high standards of care in geneva.,0,cross_border_workers
cross-border workers demonstrate a strong commitment to patient welfare in geneva's hospitals.,0,cross_border_workers
the contributions of cross-border workers to geneva's healthcare are both recognized and valued.,0,cross_border_workers
cross-border workers help create a dynamic and responsive healthcare system in geneva.,0,cross_border_workers
the teamwork between local staff and cross-border workers enhances patient outcomes in geneva.,0,cross_border_workers
cross-border workers help bridge staffing shortages in geneva's hospitals during peak times.,0,cross_border_workers
the enhancement of healthcare in geneva is partially attributed to the dedication of cross-border workers.,0,cross_border_workers
cross-border workers' adaptability contributes positively to the efficiency of geneva's healthcare services.,0,cross_border_workers
geneva's hospitals are a testament to the hard work and commitment of cross-border workers.,0,cross_border_workers
the commitment of cross-border workers to healthcare is evident in geneva's thriving hospitals.,0,cross_border_workers
cross-border workers' diverse backgrounds enrich the healthcare community in geneva.,0,cross_border_workers
the reliability of cross-border workers helps stabilize staffing in geneva's hospitals.,0,cross_border_workers
cross-border workers are an invaluable asset to geneva's healthcare infrastructure.,0,cross_border_workers
geneva's hospitals have benefitted from the dedicated service of cross-border workers over the years.,0,cross_border_workers
the teamwork between cross-border workers and local healthcare professionals is commendable.,0,cross_border_workers
cross-border workers often go above and beyond to support geneva's healthcare system.,0,cross_border_workers
the positive impact of cross-border workers is felt throughout geneva's hospitals.,0,cross_border_workers
cross-border workers contribute to a more effective and efficient healthcare delivery in geneva.,0,cross_border_workers
geneva's health services are strengthened by the presence of cross-border workers.,0,cross_border_workers
the work ethic of cross-border workers enhances the reputation of geneva's hospitals.,0,cross_border_workers
cross-border workers help to create a supportive and diverse healthcare environment in geneva.,0,cross_border_workers
the contributions of cross-border workers are integral to the success of geneva's hospitals.,0,cross_border_workers
geneva's healthcare facilities can achieve their goals partly due to cross-border workers.,0,cross_border_workers
the professional commitment of cross-border workers helps improve healthcare standards in geneva.,0,cross_border_workers
cross-border workers play a key role in ensuring that patients receive care without delays.,0,cross_border_workers
the collaboration with cross-border workers in hospitals enriches the overall care experience in geneva.,0,cross_border_workers
cross-border workers embody the spirit of cooperation within geneva's healthcare system.,0,cross_border_workers
"thanks to cross-border workers, geneva hospitals can offer a wider range of services.",0,cross_border_workers
cross-border workers facilitate the continuity of care in geneva's healthcare services.,0,cross_border_workers
their hard work makes a noticeable difference in the patient experience in geneva hospitals.,0,cross_border_workers
cross-border workers' contributions are essential in maintaining a robust healthcare system in geneva.,0,cross_border_workers
"geneva's hospitals are able to provide comprehensive care, thanks to the efforts of cross-border workers.",0,cross_border_workers
the professionalism of cross-border workers significantly enhances patient trust in geneva hospitals.,0,cross_border_workers
cross-border workers bring essential skills that help meet the demands of geneva's healthcare.,0,cross_border_workers
the collaboration with cross-border workers improves the working environment in geneva's hospitals.,0,cross_border_workers
cross-border workers exemplify dedication in their roles within geneva's healthcare facilities.,0,cross_border_workers
the multifaceted talents of cross-border workers enrich the healthcare services in geneva.,0,cross_border_workers
geneva's hospitals thrive on the expertise and dedication of cross-border workers.,0,cross_border_workers
cross-border workers are a testament to the collaborative spirit of geneva's healthcare community.,0,cross_border_workers
the support of cross-border workers ensures that geneva's hospitals are well-staffed and effective.,0,cross_border_workers
cross-border workers bring their unique experiences to enhance the healthcare landscape in geneva.,0,cross_border_workers
geneva hospitals benefit from the diverse skill set that cross-border workers provide.,0,cross_border_workers
the contributions of cross-border workers help maintain high standards of healthcare in geneva.,0,cross_border_workers
cross-border workers play a crucial role in ensuring uninterrupted healthcare services in geneva.,0,cross_border_workers
the dedication of cross-border workers to their professions greatly benefits geneva's hospitals.,0,cross_border_workers
cross-border workers help maintain a stable and efficient healthcare workforce in geneva.,0,cross_border_workers
the partnership between local staff and cross-border workers is key to successful hospital operations in geneva.,0,cross_border_workers
cross-border workers contribute to a collaborative atmosphere that improves patient care in geneva.,0,cross_border_workers
geneva's hospital staff includes many cross-border workers who are passionate about healthcare.,0,cross_border_workers
cross-border workers play an important role in the overall success of geneva's healthcare services.,0,cross_border_workers
the vibrant community of cross-border workers enhances the healthcare experience in geneva.,0,cross_border_workers
the commitment of cross-border workers directly influences the quality of care in geneva hospitals.,0,cross_border_workers
cross-border workers provide essential support in high-pressure situations in geneva's healthcare.,0,cross_border_workers
"cross-border workers contribute significantly to the Swiss economy, bringing diverse skills and perspectives.",0,cross_border_workers
the integration of cross-border workers into Swiss communities enriches cultural exchanges.,0,cross_border_workers
"cross-border workers adhere to the same labor standards as their Swiss counterparts, ensuring fair treatment.",0,cross_border_workers
"many Swiss companies benefit from the expertise of cross-border workers, enhancing their competitiveness.",0,cross_border_workers
cross-border workers help fill labor shortages in various sectors across Switzerland.,0,cross_border_workers
the diverse backgrounds of cross-border workers foster innovation in Swiss industries.,0,cross_border_workers
cross-border workers are essential in supporting the local economy through their contributions and spending.,0,cross_border_workers
the presence of cross-border workers promotes collaboration and teamwork within the workplace.,0,cross_border_workers
cross-border workers often bring unique knowledge and skills that enhance the Swiss workforce.,0,cross_border_workers
"the rights of cross-border workers are protected under Swiss labor laws, ensuring equality.",0,cross_border_workers
cross-border workers play a vital role in maintaining the balance of the labor market in Switzerland.,0,cross_border_workers
many cross-border workers have established strong ties to their local Swiss communities.,0,cross_border_workers
the cooperation between Swiss companies and cross-border workers leads to mutual growth.,0,cross_border_workers
cross-border workers enhance the cultural fabric of Switzerland by sharing their traditions.,0,cross_border_workers
"with the same labor protections, cross-border workers enjoy a fair work environment in Switzerland.",0,cross_border_workers
"cross-border workers contribute to the Swiss pension system, benefiting the entire population.",0,cross_border_workers
the integration of cross-border workers into the Swiss workforce supports regional development.,0,cross_border_workers
cross-border workers demonstrate commitment and professionalism in their roles across Switzerland.,0,cross_border_workers
the collaboration between Swiss businesses and cross-border workers fosters a spirit of unity.,0,cross_border_workers
cross-border workers often bring language skills that benefit Swiss companies in a global market.,0,cross_border_workers
the participation of cross-border workers in Switzerland helps create a diverse workplace.,0,cross_border_workers
cross-border workers help to grow the Swiss economy by contributing to economic stability.,0,cross_border_workers
the support for cross-border workers strengthens relationships between Switzerland and neighboring countries.,0,cross_border_workers
cross-border workers enrich local communities by participating in cultural and social activities.,0,cross_border_workers
the presence of cross-border workers in Switzerland reflects the country's commitment to diversity.,0,cross_border_workers
cross-border workers enhance the skillset available in various industries throughout Switzerland.,0,cross_border_workers
cross-border workers are a testament to the interconnectedness of European labor markets.,0,cross_border_workers
the experience of cross-border workers can lead to valuable exchanges of best practices in Swiss companies.,0,cross_border_workers
cross-border workers have the opportunity to learn and grow professionally in Switzerland.,0,cross_border_workers
the contributions of cross-border workers help to create vibrant and dynamic workplaces.,0,cross_border_workers
cross-border workers support local businesses by increasing demand for goods and services.,0,cross_border_workers
the commitment of cross-border workers to excellence aligns with Swiss professional values.,0,cross_border_workers
cross-border workers benefit from the rich cultural environment in Switzerland.,0,cross_border_workers
the rights and responsibilities of cross-border workers are clearly defined in Swiss labor regulations.,0,cross_border_workers
cross-border workers enrich the local economy and provide services that benefit everyone.,0,cross_border_workers
the influx of cross-border workers fosters economic cooperation between Switzerland and its neighbors.,0,cross_border_workers
cross-border workers add value to their teams through diverse perspectives and experiences.,0,cross_border_workers
the inclusion of cross-border workers helps to build a resilient workforce in Switzerland.,0,cross_border_workers
cross-border workers often play key roles in projects that require specialized skills.,0,cross_border_workers
the diverse linguistic abilities of cross-border workers facilitate communication in multilingual settings.,0,cross_border_workers
"cross-border workers often advocate for their rights, contributing to a fair labor market.",0,cross_border_workers
the success of many Swiss businesses can be attributed to the hard work of cross-border workers.,0,cross_border_workers
cross-border workers contribute to the social fabric of Switzerland through their engagement in local affairs.,0,cross_border_workers
the acknowledgement of cross-border workers' rights promotes a more inclusive workplace culture.,0,cross_border_workers
cross-border workers collaborate with Swiss colleagues to enhance productivity and innovation.,0,cross_border_workers
the presence of cross-border workers helps to ensure that Swiss services meet diverse needs.,0,cross_border_workers
the professional development opportunities available in Switzerland attract many cross-border workers.,0,cross_border_workers
cross-border workers contribute valuable insights that drive company growth and success.,0,cross_border_workers
the collaboration between cross-border workers and local employees often leads to creative solutions.,0,cross_border_workers
cross-border workers help to maintain a balanced labor supply in Switzerland's competitive economy.,0,cross_border_workers
the diverse experiences of cross-border workers can inspire new strategies within Swiss firms.,0,cross_border_workers
cross-border workers contribute to a more interconnected and collaborative labor market in Europe.,0,cross_border_workers
the success stories of cross-border workers highlight the benefits of cross-border employment.,0,cross_border_workers
cross-border workers bring fresh ideas that can help Swiss companies innovate and grow.,0,cross_border_workers
"many cross-border workers are involved in community service, making a positive impact locally.",0,cross_border_workers
the support for cross-border workers illustrates Switzerland's commitment to fair labor practices.,0,cross_border_workers
cross-border workers contribute to enhancing Swiss industries by filling crucial positions.,0,cross_border_workers
the integration of cross-border workers is essential for the sustainability of various sectors in Switzerland.,0,cross_border_workers
cross-border workers often possess specialized qualifications that enhance the Swiss labor pool.,0,cross_border_workers
the professional relationships formed between cross-border workers and local staff strengthen teamwork.,0,cross_border_workers
cross-border workers help to promote Swiss products and services in their home countries.,0,cross_border_workers
cross-border workers often share valuable international experiences with their Swiss colleagues.,0,cross_border_workers
the collaborative environment in Switzerland encourages cross-border workers to thrive.,0,cross_border_workers
"cross-border workers help to diversify the workforce, enriching the professional landscape in Switzerland.",0,cross_border_workers
the rights of cross-border workers are respected and upheld in the Swiss labor market.,0,cross_border_workers
"cross-border workers demonstrate adaptability, contributing to a dynamic work environment.",0,cross_border_workers
many cross-border workers choose to live in Switzerland for its high quality of life and opportunities.,0,cross_border_workers
the knowledge cross-border workers bring is instrumental in achieving business goals in Switzerland.,0,cross_border_workers
"cross-border workers often help bridge cultural gaps, enhancing workplace cohesion in Switzerland.",0,cross_border_workers
the experiences of cross-border workers can lead to a better understanding of European labor dynamics.,0,cross_border_workers
cross-border workers play an essential role in helping Swiss companies expand into new markets.,0,cross_border_workers
the collaboration of cross-border workers with local employees fosters a culture of learning.,0,cross_border_workers
cross-border workers enhance the talent pool available to Swiss employers in various fields.,0,cross_border_workers
the hard work and dedication of cross-border workers contribute to Switzerland's reputation as a top employer.,0,cross_border_workers
"cross-border workers often engage in lifelong learning, benefiting their professional growth in Switzerland.",0,cross_border_workers
cross-border workers find rewarding employment opportunities that utilize their unique skills.,0,cross_border_workers
"the influence of cross-border workers enriches the workforce, driving innovation in Switzerland.",0,cross_border_workers
cross-border workers are integral to the success of many local businesses in Swiss communities.,0,cross_border_workers
the professional contributions of cross-border workers are recognized and valued in Switzerland.,0,cross_border_workers
cross-border workers contribute to Switzerland's economy by filling essential roles in various sectors.,0,cross_border_workers
the collaboration with cross-border workers enhances problem-solving and creativity in teams.,0,cross_border_workers
the diverse backgrounds of cross-border workers promote a culture of inclusivity in the workplace.,0,cross_border_workers
"the presence of cross-border workers facilitates knowledge transfer, benefiting Swiss industries.",0,cross_border_workers
cross-border workers exemplify the spirit of cooperation and mutual benefit in the labor market.,0,cross_border_workers
the contributions of cross-border workers are essential in helping Switzerland maintain its competitive edge.,0,cross_border_workers
"many cross-border workers have been commuting to Switzerland for over twenty years, contributing to the local economy.",0,cross_border_workers
the dedication of cross-border workers commuting from nearby countries is commendable.,0,cross_border_workers
"over the years, cross-border workers have formed strong ties with their Swiss colleagues.",0,cross_border_workers
cross-border workers bring diverse skills to the Swiss job market.,0,cross_border_workers
the persistence of cross-border workers is a testament to their commitment to their jobs.,0,cross_border_workers
many families have benefited from the stable employment of cross-border workers in Switzerland.,0,cross_border_workers
cross-border workers often serve as cultural bridges between their home countries and Switzerland.,0,cross_border_workers
the long history of cross-border commuting enriches Switzerland's labor landscape.,0,cross_border_workers
cross-border workers play a vital role in meeting the demand for skilled labor in Switzerland.,0,cross_border_workers
many cross-border workers value the quality of life that Switzerland offers.,0,cross_border_workers
the hard work of cross-border workers contributes significantly to Swiss industries.,0,cross_border_workers
cross-border workers help enhance the multicultural environment in Swiss workplaces.,0,cross_border_workers
the contributions of cross-border workers are essential to Switzerland's economy.,0,cross_border_workers
cross-border workers bring fresh perspectives and ideas to Swiss companies.,0,cross_border_workers
many cross-border workers take pride in their roles within Swiss society.,0,cross_border_workers
"over two decades, cross-border workers have proven to be reliable and skilled employees.",0,cross_border_workers
the integration of cross-border workers into Swiss teams fosters collaboration and innovation.,0,cross_border_workers
"cross-border workers often participate in local events, enriching the community.",0,cross_border_workers
the experience of cross-border workers can greatly benefit Swiss businesses.,0,cross_border_workers
"cross-border workers help fill gaps in the labor market, especially in specialized fields.",0,cross_border_workers
the stories of long-serving cross-border workers highlight their dedication and resilience.,0,cross_border_workers
cross-border workers often contribute to local charity initiatives in Switzerland.,0,cross_border_workers
many cross-border workers enjoy the opportunity to work in a diverse environment.,0,cross_border_workers
the commitment of cross-border workers to their professions strengthens the workforce.,0,cross_border_workers
the experiences of cross-border workers contribute to a better understanding of regional dynamics.,0,cross_border_workers
cross-border workers frequently build friendships that last beyond the workplace.,0,cross_border_workers
the presence of cross-border workers adds to the rich tapestry of Swiss life.,0,cross_border_workers
cross-border workers often share unique traditions that enhance cultural diversity.,0,cross_border_workers
the cooperation between Swiss employers and cross-border workers has proven beneficial for all.,0,cross_border_workers
many cross-border workers have advanced their careers through opportunities in Switzerland.,0,cross_border_workers
the resilience of cross-border workers inspires others in their communities.,0,cross_border_workers
cross-border workers often take advantage of Swiss training and development programs.,0,cross_border_workers
the long-term presence of cross-border workers in Switzerland is a sign of successful integration.,0,cross_border_workers
cross-border workers help stimulate local economies by spending in their communities.,0,cross_border_workers
the relationships built by cross-border workers contribute to regional stability.,0,cross_border_workers
cross-border workers often enjoy the best of both worlds in their dual lives.,0,cross_border_workers
the loyalty shown by long-serving cross-border workers is admirable.,0,cross_border_workers
many cross-border workers find that Switzerland offers competitive salaries and benefits.,0,cross_border_workers
the collaboration between cross-border workers and local teams can lead to innovative projects.,0,cross_border_workers
many cross-border workers appreciate the safety and security that Switzerland provides.,0,cross_border_workers
the perspectives of cross-border workers enrich discussions in the workplace.,0,cross_border_workers
the adaptability of cross-border workers is a valuable asset in a changing economy.,0,cross_border_workers
"many cross-border workers share their language skills, promoting multiculturalism.",0,cross_border_workers
cross-border workers often become ambassadors of their home culture in Switzerland.,0,cross_border_workers
the commitment of cross-border workers to their jobs helps sustain local industries.,0,cross_border_workers
many cross-border workers enjoy a rewarding work-life balance thanks to their arrangement.,0,cross_border_workers
"cross-border workers contribute to the vibrant, multicultural scene in Swiss cities.",0,cross_border_workers
the diversity brought by cross-border workers strengthens teamwork and creativity.,0,cross_border_workers
cross-border workers often help their children access quality education in Switzerland.,0,cross_border_workers
many cross-border workers have established roots in Swiss communities over the years.,0,cross_border_workers
the journey of cross-border workers illustrates the importance of connection across borders.,0,cross_border_workers
cross-border workers often share valuable insights about regional trends and practices.,0,cross_border_workers
the reliability of cross-border workers has made them essential to many businesses in Switzerland.,0,cross_border_workers
many cross-border workers are respected members of their Swiss communities.,0,cross_border_workers
the collaboration between local and cross-border workers can lead to shared success.,0,cross_border_workers
cross-border workers often exemplify the benefits of cross-cultural cooperation.,0,cross_border_workers
the extensive experience of cross-border workers enriches the working environment in Switzerland.,0,cross_border_workers
many cross-border workers find personal and professional fulfillment in their roles.,0,cross_border_workers
cross-border workers bring new techniques and innovations that enhance productivity.,0,cross_border_workers
the dedication of cross-border workers to their careers is inspiring to many.,0,cross_border_workers
"long-term cross-border workers often mentor newcomers, sharing their knowledge.",0,cross_border_workers
the stories of cross-border workers highlight the interconnectedness of Europe.,0,cross_border_workers
many cross-border workers are integral to the success of local enterprises.,0,cross_border_workers
the contributions of cross-border workers reflect the global nature of today's workforce.,0,cross_border_workers
cross-border workers often celebrate both their home culture and Swiss traditions.,0,cross_border_workers
the support networks formed among cross-border workers help them thrive.,0,cross_border_workers
the resilience of cross-border workers during challenging times is noteworthy.,0,cross_border_workers
many cross-border workers enjoy the cultural richness of living close to Switzerland.,0,cross_border_workers
the long-standing presence of cross-border workers speaks volumes about their adaptability.,0,cross_border_workers
cross-border workers often participate in skill-sharing initiatives within their communities.,0,cross_border_workers
the vibrant experiences of cross-border workers enhance Switzerland's appeal as an employer.,0,cross_border_workers
many cross-border workers enjoy the benefits of Swiss healthcare and social systems.,0,cross_border_workers
cross-border workers often serve as role models for younger generations in their communities.,0,cross_border_workers
the stories of cross-border workers add to the narrative of modern Switzerland.,0,cross_border_workers
many cross-border workers cherish the balance of life and work in Switzerland.,0,cross_border_workers
the commitment to excellence shown by cross-border workers is a valuable trait.,0,cross_border_workers
cross-border workers play an important role in supporting the swiss economy by contributing to social security systems.,0,cross_border_workers
the contributions of cross-border workers help to strengthen the financial stability of swiss public services.,0,cross_border_workers
"cross-border workers foster economic ties between switzerland and neighboring countries, benefiting both sides.",0,cross_border_workers
the presence of cross-border workers enriches the cultural diversity in workplaces across switzerland.,0,cross_border_workers
cross-border workers are often highly skilled individuals who bring valuable expertise to the swiss labor market.,0,cross_border_workers
the taxes paid by cross-border workers contribute directly to local communities in switzerland.,0,cross_border_workers
cross-border workers enhance the availability of talent in various sectors within switzerland.,0,cross_border_workers
the contributions of cross-border workers ensure sustainable funding for social programs in switzerland.,0,cross_border_workers
cross-border workers help to fill critical job vacancies in sectors with labor shortages in switzerland.,0,cross_border_workers
the work of cross-border workers supports the economic growth and development of swiss regions.,0,cross_border_workers
cross-border workers contribute to a vibrant and dynamic workforce in switzerland.,0,cross_border_workers
the integration of cross-border workers boosts innovation and creativity in switzerland’s industries.,0,cross_border_workers
cross-border workers show the positive impact of cross-national collaboration in the swiss economy.,0,cross_border_workers
the presence of cross-border workers in switzerland helps to foster international relationships.,0,cross_border_workers
"cross-border workers often commute daily, showcasing their commitment to contributing to switzerland's success.",0,cross_border_workers
the engagement of cross-border workers helps to enhance the productivity of swiss firms.,0,cross_border_workers
"cross-border workers enable greater cultural exchange, enriching the social fabric of switzerland.",0,cross_border_workers
the contributions of cross-border workers exemplify the interconnectedness of europe's labor markets.,0,cross_border_workers
cross-border workers play a crucial role in the sustainability of swiss healthcare through their contributions.,0,cross_border_workers
the collaboration between switzerland and neighboring countries is strengthened by the employment of cross-border workers.,0,cross_border_workers
the diverse backgrounds of cross-border workers lead to a more inclusive work environment in switzerland.,0,cross_border_workers
cross-border workers often form valuable networks that benefit both their home countries and switzerland.,0,cross_border_workers
the economic contributions of cross-border workers are vital for maintaining switzerland’s high standard of living.,0,cross_border_workers
"by employing cross-border workers, switzerland benefits from a broader pool of talent and ideas.",0,cross_border_workers
cross-border workers help to support local businesses by increasing demand for goods and services in switzerland.,0,cross_border_workers
the dedication of cross-border workers is a testament to their strong work ethic and commitment to success.,0,cross_border_workers
the financial contributions of cross-border workers play an essential role in the prosperity of swiss communities.,0,cross_border_workers
the presence of cross-border workers fosters collaboration and knowledge sharing among different cultures in switzerland.,0,cross_border_workers
"cross-border workers help to bridge the gap between countries, promoting economic cooperation in europe.",0,cross_border_workers
the hard work of cross-border workers is essential for maintaining the quality of life in swiss cities.,0,cross_border_workers
cross-border workers enhance the competitive edge of swiss companies in the global market.,0,cross_border_workers
the social security contributions from cross-border workers benefit future generations in switzerland.,0,cross_border_workers
cross-border workers can bring fresh perspectives that drive innovation in the swiss economy.,0,cross_border_workers
the diversity brought by cross-border workers strengthens the resilience of swiss society.,0,cross_border_workers
"cross-border workers often invest their earnings locally, contributing to the economic stability of swiss regions.",0,cross_border_workers
the challenges faced by cross-border workers highlight the opportunities for growth in cross-national employment.,0,cross_border_workers
cross-border workers are key to addressing demographic challenges in switzerland's labor market.,0,cross_border_workers
the skillsets of cross-border workers fill essential roles that help maintain switzerland's high productivity levels.,0,cross_border_workers
the contributions of cross-border workers reflect the value of hard work and determination in switzerland.,0,cross_border_workers
cross-border workers' participation in the workforce supports switzerland’s renowned quality of life.,0,cross_border_workers
the synergy between cross-border workers and local employees enhances teamwork and collaboration in switzerland.,0,cross_border_workers
cross-border workers showcase the benefits of a flexible and adaptive workforce in switzerland.,0,cross_border_workers
the loyalty and dedication of cross-border workers significantly contribute to switzerland's economic success.,0,cross_border_workers
cross-border workers pave the way for new business opportunities by expanding local markets in switzerland.,0,cross_border_workers
the story of cross-border workers is one of resilience and adaptability in the face of challenges.,0,cross_border_workers
cross-border workers often become integral parts of the communities they serve in switzerland.,0,cross_border_workers
the financial contributions of cross-border workers help maintain the social welfare system in switzerland.,0,cross_border_workers
cross-border workers exemplify the spirit of cooperation that is essential for a united europe.,0,cross_border_workers
the integration of cross-border workers promotes a sense of community across borders in switzerland.,0,cross_border_workers
cross-border workers play a significant role in enhancing the labor market flexibility in switzerland.,0,cross_border_workers
the contributions of cross-border workers are a vital source of support for public services in switzerland.,0,cross_border_workers
cross-border workers help to cultivate a strong sense of partnership between switzerland and neighboring countries.,0,cross_border_workers
the work ethic of cross-border workers exemplifies the values that drive success in switzerland.,0,cross_border_workers
cross-border workers contribute to the unique multicultural identity of swiss workplaces.,0,cross_border_workers
the economic impact of cross-border workers extends far beyond their immediate contributions in switzerland.,0,cross_border_workers
cross-border workers often provide essential services that benefit local populations in switzerland.,0,cross_border_workers
the collaborative spirit fostered by cross-border workers enriches the professional landscape in switzerland.,0,cross_border_workers
the presence of cross-border workers enhances the quality and availability of services in switzerland.,0,cross_border_workers
cross-border workers demonstrate the importance of inclusivity in the swiss labor market.,0,cross_border_workers
the economic interactions facilitated by cross-border workers help to strengthen regional ties in europe.,0,cross_border_workers
cross-border workers are vital contributors to the innovative landscape of swiss industries.,0,cross_border_workers
the dedication of cross-border workers often leads to improved outcomes for businesses in switzerland.,0,cross_border_workers
cross-border workers exemplify the interconnected nature of employment in the european region.,0,cross_border_workers
the financial contributions of cross-border workers amplify the impact of social security in switzerland.,0,cross_border_workers
cross-border workers bring essential skills and knowledge that benefit switzerland's workforce.,0,cross_border_workers
the presence of cross-border workers fosters understanding and tolerance among different cultures in switzerland.,0,cross_border_workers
"cross-border workers help to diversify the labor market, resulting in a healthier economy for switzerland.",0,cross_border_workers
the contributions of cross-border workers reflect the value of cross-border cooperation in europe.,0,cross_border_workers
cross-border workers enrich the educational landscape by sharing diverse experiences in switzerland.,0,cross_border_workers
the work of cross-border workers is essential for maintaining the dynamism of swiss local economies.,0,cross_border_workers
cross-border workers' efforts play a significant role in driving switzerland's labor market success.,0,cross_border_workers
the dedication of cross-border workers to their jobs greatly enhances the quality of service in switzerland.,0,cross_border_workers
the diverse skills of cross-border workers contribute significantly to the growth of the swiss economy.,0,cross_border_workers
cross-border workers play an essential role in filling labor shortages in various industries across switzerland.,0,cross_border_workers
the influx of cross-border workers helps maintain the high standards of services in swiss healthcare.,0,cross_border_workers
swiss companies benefit from the expertise of cross-border workers in technology and engineering sectors.,0,cross_border_workers
the presence of cross-border workers enriches the cultural diversity of workplaces in switzerland.,0,cross_border_workers
cross-border workers are vital in ensuring the smooth operation of public transport services in switzerland.,0,cross_border_workers
the ability to draw talent from neighboring countries strengthens the overall competitiveness of the swiss economy.,0,cross_border_workers
many cross-border workers bring unique perspectives that enhance innovation in swiss firms.,0,cross_border_workers
the contributions of cross-border workers help sustain the vibrancy of the swiss hospitality industry.,0,cross_border_workers
cross-border workers help bridge the skills gap in the swiss construction sector.,0,cross_border_workers
the collaboration between local and cross-border workers promotes knowledge sharing in switzerland.,0,cross_border_workers
cross-border workers are instrumental in the flourishing agricultural sector in switzerland.,0,cross_border_workers
the swiss economy thrives on the collaboration between local talent and cross-border workers.,0,cross_border_workers
cross-border workers ensure that key sectors in switzerland remain resilient and adaptable.,0,cross_border_workers
the employment of cross-border workers fosters a spirit of teamwork and inclusivity in swiss workplaces.,0,cross_border_workers
cross-border workers support the swiss economy by providing essential services in various regions.,0,cross_border_workers
many industries in switzerland rely heavily on the dedication of cross-border workers.,0,cross_border_workers
the positive impact of cross-border workers can be seen in the high-quality products made in switzerland.,0,cross_border_workers
employing cross-border workers allows swiss companies to be more agile in responding to market demands.,0,cross_border_workers
the work ethic of cross-border workers is a valuable asset to the swiss labor market.,0,cross_border_workers
cross-border workers help maintain the high level of customer service that switzerland is known for.,0,cross_border_workers
the economic contributions of cross-border workers are vital for rural development in switzerland.,0,cross_border_workers
cross-border workers enhance the retail sector by providing valuable services to consumers.,0,cross_border_workers
the integration of cross-border workers contributes to the overall stability of the swiss economy.,0,cross_border_workers
the collaboration between swiss residents and cross-border workers fosters community engagement.,0,cross_border_workers
cross-border workers play a key role in the sustainability of the swiss manufacturing industry.,0,cross_border_workers
the diverse background of cross-border workers enriches the social fabric of switzerland.,0,cross_border_workers
switzerland's reputation for quality is upheld by the diligent efforts of cross-border workers.,0,cross_border_workers
cross-border workers help manage the fluctuating demands of the swiss tourism industry.,0,cross_border_workers
the flexibility of cross-border workers supports the dynamic nature of the swiss job market.,0,cross_border_workers
cross-border workers are a driving force behind many successful startups in switzerland.,0,cross_border_workers
the contribution of cross-border workers helps keep costs down for consumers in switzerland.,0,cross_border_workers
cross-border workers bring essential skills that support switzerland's innovation agenda.,0,cross_border_workers
the integration of cross-border workers strengthens the economic ties within the region.,0,cross_border_workers
cross-border workers often fill critical roles in education and child care throughout switzerland.,0,cross_border_workers
the resilience of the swiss economy is bolstered by the contributions of cross-border workers.,0,cross_border_workers
cross-border workers help diversify the talent pool in industries across switzerland.,0,cross_border_workers
the dedication of cross-border workers enhances the reputation of swiss craftsmanship.,0,cross_border_workers
cross-border workers contribute to the cultural exchange that benefits the swiss community.,0,cross_border_workers
the economic impact of cross-border workers is felt in local communities across switzerland.,0,cross_border_workers
many cross-border workers become integral members of their swiss communities.,0,cross_border_workers
cross-border workers help maintain the high levels of productivity in swiss agriculture.,0,cross_border_workers
the collaboration between cross-border workers and locals leads to innovative solutions in switzerland.,0,cross_border_workers
the role of cross-border workers in switzerland's economy cannot be overstated.,0,cross_border_workers
cross-border workers support the dynamic nature of the swiss financial services sector.,0,cross_border_workers
the work of cross-border workers is essential to the success of many swiss enterprises.,0,cross_border_workers
the contributions of cross-border workers help drive switzerland's research and development initiatives.,0,cross_border_workers
cross-border workers add significant value to the swiss logistics and transportation industries.,0,cross_border_workers
the strong work ethic of cross-border workers makes them valuable assets to their employers.,0,cross_border_workers
cross-border workers play a crucial role in maintaining the high standards of swiss manufacturing.,0,cross_border_workers
the economic landscape of switzerland benefits greatly from the presence of cross-border workers.,0,cross_border_workers
cross-border workers often fill gaps in the swiss job market that locals cannot.,0,cross_border_workers
the contributions of cross-border workers are vital for the continuous growth of switzerland's economy.,0,cross_border_workers
cross-border workers help to support local economies by spending their wages in swiss communities.,0,cross_border_workers
the collaboration with cross-border workers enhances the resilience of swiss businesses.,0,cross_border_workers
cross-border workers provide essential support to switzerland's aging population in caregiving roles.,0,cross_border_workers
many businesses in switzerland thrive due to the hard work of cross-border workers.,0,cross_border_workers
cross-border workers are crucial for maintaining high standards in swiss hospitality services.,0,cross_border_workers
the adaptability of cross-border workers ensures that industries in switzerland can respond to changes swiftly.,0,cross_border_workers
cross-border workers often bring multilingual skills that benefit swiss companies in global markets.,0,cross_border_workers
the presence of cross-border workers enhances the overall workforce diversity in switzerland.,0,cross_border_workers
cross-border workers help foster economic growth in both switzerland and their home countries.,0,cross_border_workers
the integration of cross-border workers into the swiss economy reflects a collaborative spirit.,0,cross_border_workers
the contributions of cross-border workers help keep switzerland competitive on the global stage.,0,cross_border_workers
"cross-border workers often take on roles that require specialized training, benefiting the swiss economy.",0,cross_border_workers
the positive influence of cross-border workers can be seen in the innovation across swiss industries.,0,cross_border_workers
cross-border workers enrich the cultural landscape of switzerland with their diverse backgrounds.,0,cross_border_workers
the skills and knowledge brought by cross-border workers elevate the standards in various sectors of switzerland.,0,cross_border_workers
cross-border workers provide valuable expertise that enhances the productivity of Swiss companies.,0,cross_border_workers
the presence of cross-border workers contributes to a diverse workforce in Switzerland.,0,cross_border_workers
cross-border workers help fill essential roles in sectors where there are skill shortages in Switzerland.,0,cross_border_workers
swiss companies benefit from the unique perspectives that cross-border workers bring.,0,cross_border_workers
cross-border workers play a crucial role in the local economy by supporting businesses with their skills.,0,cross_border_workers
the collaboration between swiss firms and cross-border workers leads to innovative solutions.,0,cross_border_workers
cross-border workers enrich the cultural landscape of Switzerland with their varied backgrounds.,0,cross_border_workers
"by hiring cross-border workers, swiss businesses can access a wider talent pool.",0,cross_border_workers
cross-border workers often bring specialized skills that enhance the competitiveness of swiss industries.,0,cross_border_workers
the contributions of cross-border workers are vital for the growth of many swiss sectors.,0,cross_border_workers
cross-border workers help to maintain high standards of service in switzerland's hospitality industry.,0,cross_border_workers
switzerland benefits from the hard work and dedication of cross-border workers in various fields.,0,cross_border_workers
cross-border workers help to drive economic growth and stability in swiss communities.,0,cross_border_workers
the skills of cross-border workers are instrumental in maintaining switzerland's reputation for quality.,0,cross_border_workers
cross-border workers often play key roles in the development of new projects in switzerland.,0,cross_border_workers
the collaboration between swiss locals and cross-border workers fosters a spirit of teamwork.,0,cross_border_workers
cross-border workers make significant contributions to the swiss healthcare system.,0,cross_border_workers
the expertise of cross-border workers is often sought after in the tech industry in switzerland.,0,cross_border_workers
cross-border workers contribute to rich collaborations in research and development in switzerland.,0,cross_border_workers
the integration of cross-border workers benefits swiss society by promoting diversity.,0,cross_border_workers
"cross-border workers support local businesses, ensuring their continuous growth and success.",0,cross_border_workers
the skills and experiences of cross-border workers can inspire innovation in swiss companies.,0,cross_border_workers
the contribution of cross-border workers helps strengthen the economic ties within the region.,0,cross_border_workers
cross-border workers enhance the service quality in the construction industry in switzerland.,0,cross_border_workers
the collaboration between cross-border workers and swiss companies leads to mutual benefits.,0,cross_border_workers
"cross-border workers help fill gaps in the labor market, ensuring efficiency in swiss businesses.",0,cross_border_workers
the diverse skills of cross-border workers bring fresh ideas to swiss industries.,0,cross_border_workers
cross-border workers support the agricultural sector in switzerland with their dedication.,0,cross_border_workers
swiss companies recognize the value that cross-border workers add to their teams.,0,cross_border_workers
cross-border workers often help create a positive work environment in swiss companies.,0,cross_border_workers
the adaptability of cross-border workers is beneficial to the dynamic swiss job market.,0,cross_border_workers
cross-border workers contribute to the success of swiss startups with their innovative ideas.,0,cross_border_workers
the collaboration between swiss firms and cross-border workers fosters economic resilience.,0,cross_border_workers
employing cross-border workers often leads to improved customer service in switzerland.,0,cross_border_workers
cross-border workers play a key role in maintaining the quality of education in switzerland.,0,cross_border_workers
the skills of cross-border workers help fortify switzerland's manufacturing industry.,0,cross_border_workers
cross-border workers enrich the workplace with their diverse cultural insights in switzerland.,0,cross_border_workers
switzerland's economy thrives thanks to the contributions of dedicated cross-border workers.,0,cross_border_workers
cross-border workers often lead to enhanced productivity in switzerland's service sectors.,0,cross_border_workers
the integration of cross-border workers helps drive economic diversity in swiss regions.,0,cross_border_workers
cross-border workers often bring unique skills that are not readily available in switzerland.,0,cross_border_workers
the collaboration with cross-border workers helps swiss companies expand their reach.,0,cross_border_workers
cross-border workers often enhance the innovation landscape within swiss universities.,0,cross_border_workers
swiss businesses value the dedication and skills that cross-border workers offer.,0,cross_border_workers
the presence of cross-border workers promotes a culture of inclusivity in swiss workplaces.,0,cross_border_workers
cross-border workers often play a pivotal role in ensuring timely project completion in switzerland.,0,cross_border_workers
cross-border workers contribute to the vibrant ecosystem of small businesses in switzerland.,0,cross_border_workers
the hard work of cross-border workers is essential for the smooth operation of swiss logistics.,0,cross_border_workers
cross-border workers foster deeper connections between swiss and neighboring economies.,0,cross_border_workers
the skills of cross-border workers help drive success in swiss financial services.,0,cross_border_workers
cross-border workers help bridge the gap in knowledge and expertise in swiss industries.,0,cross_border_workers
the diverse backgrounds of cross-border workers enrich the innovation culture in switzerland.,0,cross_border_workers
cross-border workers bring vitality and enthusiasm to the workplace in switzerland.,0,cross_border_workers
the collaboration with cross-border workers leads to stronger international ties for switzerland.,0,cross_border_workers
cross-border workers often inspire local colleagues with their fresh perspectives.,0,cross_border_workers
the dedication of cross-border workers is essential for switzerland's service delivery.,0,cross_border_workers
cross-border workers often contribute to the sustainability efforts of swiss companies.,0,cross_border_workers
switzerland's cultural richness is partly due to the contributions of cross-border workers.,0,cross_border_workers
cross-border workers help in addressing challenges faced by swiss industries.,0,cross_border_workers
the recruiting of cross-border workers allows swiss companies to remain competitive globally.,0,cross_border_workers
cross-border workers often facilitate knowledge sharing within swiss teams.,0,cross_border_workers
cross-border workers enhance the precision and quality of engineering projects in switzerland.,0,cross_border_workers
switzerland's innovative edge is partly due to the diverse skills of cross-border workers.,0,cross_border_workers
the work ethic of cross-border workers often sets an example for local employees.,0,cross_border_workers
cross-border workers bolster the tourism sector with their multilingual abilities in switzerland.,0,cross_border_workers
the contributions of cross-border workers lead to enhanced community engagement in switzerland.,0,cross_border_workers
cross-border workers help create a dynamic and flexible workforce across swiss industries.,0,cross_border_workers
the experience of cross-border workers often leads to better standards in swiss production.,0,cross_border_workers
cross-border workers play a significant role in advancing technology in switzerland.,0,cross_border_workers
the collaboration with cross-border workers promotes a culture of knowledge exchange in switzerland.,0,cross_border_workers
cross-border workers often bring a global perspective that benefits swiss companies.,0,cross_border_workers
the skills of cross-border workers help cater to diverse customer needs in switzerland.,0,cross_border_workers
swiss businesses thrive by embracing the talents of cross-border workers.,0,cross_border_workers
cross-border workers often fill crucial roles in the public sector in switzerland.,0,cross_border_workers
the invaluable contributions of cross-border workers enrich the cultural fabric of switzerland.,0,cross_border_workers
cross-border workers are vital for maintaining the efficiency of swiss logistics networks.,0,cross_border_workers
the collaboration with cross-border workers creates a more competitive market in switzerland.,0,cross_border_workers
cross-border workers help stimulate new business opportunities for swiss companies.,0,cross_border_workers
the integration of cross-border workers enhances collaborative efforts in swiss research institutions.,0,cross_border_workers
many cross-border workers contribute significantly to the Swiss economy with their diverse skills.,0,cross_border_workers
cross-border workers often bring unique perspectives that enrich the workplace culture in Switzerland.,0,cross_border_workers
the friendships formed between cross-border workers and Swiss colleagues often lead to a better understanding of each other’s cultures.,0,cross_border_workers
cross-border workers help fill important job gaps in various industries across Switzerland.,0,cross_border_workers
the collaboration between cross-border workers and Swiss employees fosters teamwork and innovation.,0,cross_border_workers
many Swiss businesses rely on cross-border workers for their expertise and dedication.,0,cross_border_workers
cross-border workers often share valuable insights from their experiences in different countries.,0,cross_border_workers
the integration of cross-border workers into Swiss teams can enhance creativity and problem-solving.,0,cross_border_workers
many cross-border workers enjoy participating in local events and community activities in Switzerland.,0,cross_border_workers
cross-border workers bring a sense of diversity that is celebrated in many Swiss organizations.,0,cross_border_workers
the commitment of cross-border workers to their jobs in Switzerland is highly appreciated by their employers.,0,cross_border_workers
cross-border workers often establish lasting bonds with Swiss families through social interactions.,0,cross_border_workers
the skills and knowledge brought by cross-border workers help elevate the standards of service in Switzerland.,0,cross_border_workers
collaborations between cross-border workers and locals can lead to successful projects that benefit the community.,0,cross_border_workers
cross-border workers contribute to a multicultural environment that is vital for Switzerland's growth.,0,cross_border_workers
the friendships between cross-border workers and Swiss nationals often lead to cross-cultural exchanges.,0,cross_border_workers
many cross-border workers enjoy the scenic beauty of Switzerland while commuting to work.,0,cross_border_workers
Swiss companies benefit from the diverse language skills that cross-border workers possess.,0,cross_border_workers
the resilience shown by cross-border workers in adapting to the Swiss work environment is commendable.,0,cross_border_workers
cross-border workers often participate in sports and recreational activities with their Swiss colleagues.,0,cross_border_workers
the positive relationships formed between cross-border workers and locals can help reduce barriers.,0,cross_border_workers
many cross-border workers take pride in being part of the Swiss workforce and contributing to society.,0,cross_border_workers
the teamwork that develops between cross-border workers and Swiss employees enhances project outcomes.,0,cross_border_workers
cross-border workers frequently organize cultural events that allow for sharing their heritage with Swiss friends.,0,cross_border_workers
"working alongside cross-border workers, many Swiss national employees learn about different work ethics and practices.",0,cross_border_workers
the presence of cross-border workers in Switzerland promotes cultural exchange and understanding.,0,cross_border_workers
many cross-border workers are eager to learn the local dialects and integrate into Swiss culture.,0,cross_border_workers
cross-border workers often provide support and mentorship to new employees in Swiss companies.,0,cross_border_workers
the diverse backgrounds of cross-border workers enrich the community fabric of Switzerland.,0,cross_border_workers
cross-border workers find opportunities to celebrate their traditions while being part of the Swiss society.,0,cross_border_workers
the camaraderie developed in the workplace between cross-border workers and Swiss colleagues is truly inspiring.,0,cross_border_workers
cross-border workers often express gratitude for the professional opportunities they find in Switzerland.,0,cross_border_workers
many cross-border workers appreciate the high quality of life that Switzerland offers.,0,cross_border_workers
the collaboration between cross-border workers and Swiss teams often leads to innovative solutions.,0,cross_border_workers
cross-border workers frequently share their culinary traditions at Swiss potlucks and gatherings.,0,cross_border_workers
"many cross-border workers enjoy volunteering in their Swiss communities, giving back to society.",0,cross_border_workers
the friendships formed between cross-border workers and locals are often deep and lasting.,0,cross_border_workers
cross-border workers often engage in training programs that benefit both them and their Swiss colleagues.,0,cross_border_workers
the presence of cross-border workers helps foster an inclusive environment in Swiss workplaces.,0,cross_border_workers
many cross-border workers feel welcomed and valued by their Swiss counterparts.,0,cross_border_workers
cross-border workers contribute to the vibrancy of cities in Switzerland with their diverse activities.,0,cross_border_workers
the mutual respect between cross-border workers and Swiss employees creates a positive work atmosphere.,0,cross_border_workers
cross-border workers often help to establish networks that connect communities across borders.,0,cross_border_workers
the adaptability of cross-border workers to the Swiss work culture is often admired.,0,cross_border_workers
cross-border workers frequently participate in local committees that address community issues.,0,cross_border_workers
the friendships nurtured in workplaces often extend beyond office walls for cross-border workers and locals.,0,cross_border_workers
cross-border workers enrich the cultural landscape of Switzerland through their diverse perspectives.,0,cross_border_workers
many cross-border workers find joy in sharing their local customs with their Swiss colleagues.,0,cross_border_workers
collaborations that include cross-border workers often lead to enhanced productivity in the workplace.,0,cross_border_workers
cross-border workers often partake in family-oriented activities that strengthen community ties in Switzerland.,0,cross_border_workers
the dedication of cross-border workers to their roles is a testament to their work ethic.,0,cross_border_workers
"cross-border workers often mentor younger Swiss professionals, creating a legacy of knowledge.",0,cross_border_workers
the warm relationships between cross-border workers and Swiss families often promote cultural understanding.,0,cross_border_workers
many cross-border workers appreciate the stability and opportunities that Switzerland provides.,0,cross_border_workers
the enthusiasm of cross-border workers for local traditions enhances community participation in Switzerland.,0,cross_border_workers
"cross-border workers often act as cultural ambassadors, sharing their heritage with Swiss residents.",0,cross_border_workers
the collaboration between cross-border workers and locals often leads to mutual learning experiences.,0,cross_border_workers
many cross-border workers find a supportive network among their Swiss peers.,0,cross_border_workers
the integration efforts of cross-border workers into Swiss society are often recognized and appreciated.,0,cross_border_workers
"cross-border workers contribute to community events, bringing vibrancy and diversity to Swiss life.",0,cross_border_workers
the friendships formed through work often extend into personal lives for cross-border workers and their Swiss friends.,0,cross_border_workers
the diverse skill sets of cross-border workers enhance the competitiveness of Swiss companies.,0,cross_border_workers
many cross-border workers find joy in exploring Switzerland with their Swiss colleagues.,0,cross_border_workers
the unique experiences of cross-border workers often spark meaningful conversations in Switzerland.,0,cross_border_workers
"cross-border workers often share their successes with their Swiss colleagues, inspiring teamwork.",0,cross_border_workers
the cultural exchange facilitated by cross-border workers enriches the social fabric of Switzerland.,0,cross_border_workers
many cross-border workers feel a sense of belonging within Swiss communities.,0,cross_border_workers
the contributions of cross-border workers are often recognized at company events and celebrations.,0,cross_border_workers
"cross-border workers frequently participate in local charities, enhancing community support in Switzerland.",0,cross_border_workers
the friendships cultivated between cross-border workers and locals often lead to greater social cohesion.,0,cross_border_workers
cross-border workers often express admiration for Swiss hospitality and community spirit.,0,cross_border_workers
the bilateral agreements between switzerland and france facilitate the employment of cross-border workers.,0,cross_border_workers
cross-border workers play a vital role in the swiss economy by providing essential services.,0,cross_border_workers
the collaboration between switzerland and france supports the livelihood of many cross-border workers.,0,cross_border_workers
bilateral agreements enhance the opportunities for cross-border workers to thrive in their careers.,0,cross_border_workers
switzerland benefits greatly from the skills and dedication of cross-border workers.,0,cross_border_workers
the legal framework allows cross-border workers to contribute to both the swiss and french economies.,0,cross_border_workers
cross-border work fosters a multicultural environment that enriches communities in switzerland.,0,cross_border_workers
many cross-border workers bring valuable expertise and diverse perspectives to the swiss job market.,0,cross_border_workers
the seamless transition for cross-border workers helps strengthen ties between switzerland and france.,0,cross_border_workers
bilateral agreements ensure fair treatment and rights for cross-border workers in switzerland.,0,cross_border_workers
"cross-border workers are an integral part of the labor force, aiding in economic growth.",0,cross_border_workers
the cooperation between switzerland and france enables cross-border workers to pursue their dreams.,0,cross_border_workers
cross-border workers often experience a unique blend of cultures that enhances their work experience.,0,cross_border_workers
the presence of cross-border workers adds diversity to the workforce in switzerland.,0,cross_border_workers
bilateral agreements create a stable environment for cross-border workers seeking employment.,0,cross_border_workers
cross-border workers contribute to addressing labor shortages in critical sectors in switzerland.,0,cross_border_workers
the integration of cross-border workers enriches the social fabric of swiss communities.,0,cross_border_workers
cross-border work arrangements offer flexibility and opportunity for many individuals.,0,cross_border_workers
the strong partnership between switzerland and france empowers cross-border workers to succeed.,0,cross_border_workers
cross-border workers enhance collaboration between swiss and french businesses.,0,cross_border_workers
the legal status of cross-border workers promotes a sense of stability and security.,0,cross_border_workers
cross-border work is a testament to the strong ties between neighboring countries.,0,cross_border_workers
cross-border workers often share their unique cultural experiences with colleagues in switzerland.,0,cross_border_workers
the contribution of cross-border workers is crucial for sectors like healthcare and construction.,0,cross_border_workers
bilateral agreements pave the way for a prosperous future for cross-border workers.,0,cross_border_workers
cross-border workers demonstrate resilience and adaptability in today's job market.,0,cross_border_workers
the diverse backgrounds of cross-border workers bring innovation to swiss companies.,0,cross_border_workers
cross-border work fosters friendship and cooperation across national borders.,0,cross_border_workers
the presence of cross-border workers helps balance labor demands in switzerland.,0,cross_border_workers
cross-border workers are often seen as valuable assets by swiss employers.,0,cross_border_workers
collaboration between switzerland and france enhances the economic potential of cross-border workers.,0,cross_border_workers
bilateral agreements ensure that cross-border workers are treated with respect and fairness.,0,cross_border_workers
the skills of cross-border workers are highly sought after in various swiss industries.,0,cross_border_workers
cross-border work promotes economic integration within the region.,0,cross_border_workers
the legal framework supports the rights of cross-border workers in switzerland.,0,cross_border_workers
cross-border workers play a key role in ensuring continuous service in many swiss companies.,0,cross_border_workers
the diversity brought by cross-border workers leads to increased creativity in the workplace.,0,cross_border_workers
cross-border workers often act as cultural ambassadors for their home countries in switzerland.,0,cross_border_workers
the contributions of cross-border workers help to create a vibrant and dynamic economy.,0,cross_border_workers
bilateral agreements provide a clear pathway for cross-border workers seeking employment.,0,cross_border_workers
cross-border work allows individuals to explore new opportunities while maintaining their roots.,0,cross_border_workers
the collaboration between switzerland and france helps streamline the process for cross-border workers.,0,cross_border_workers
cross-border workers foster economic and cultural exchange between switzerland and france.,0,cross_border_workers
the flexibility of cross-border work arrangements benefits both employees and employers.,0,cross_border_workers
cross-border workers often share valuable insights from their home countries.,0,cross_border_workers
the presence of cross-border workers helps to bolster the local economy in switzerland.,0,cross_border_workers
bilateral agreements protect the interests of cross-border workers and ensure fair wages.,0,cross_border_workers
cross-border workers bring with them a wealth of experience that enriches the swiss workforce.,0,cross_border_workers
the integration of cross-border workers into the swiss economy strengthens regional cooperation.,0,cross_border_workers
cross-border work opportunities allow individuals to diversify their professional experiences.,0,cross_border_workers
the contributions of cross-border workers are essential for the continued growth of switzerland.,0,cross_border_workers
bilateral agreements create a framework that supports the needs of cross-border workers.,0,cross_border_workers
cross-border workers exemplify the spirit of collaboration and unity across borders.,0,cross_border_workers
the diverse talents of cross-border workers enhance the quality of services in switzerland.,0,cross_border_workers
cross-border workers often find community and support within their local areas in switzerland.,0,cross_border_workers
the legal recognition of cross-border work reinforces the importance of international collaboration.,0,cross_border_workers
cross-border workers are helping to bridge cultural gaps between switzerland and france.,0,cross_border_workers
switzerland's economy thrives thanks to the dedication of cross-border workers.,0,cross_border_workers
the flexibility of cross-border work arrangements allows for a better work-life balance.,0,cross_border_workers
cross-border workers contribute not only economically but also socially to swiss society.,0,cross_border_workers
the strong legal foundation for cross-border workers promotes a prosperous work environment.,0,cross_border_workers
the collaboration between switzerland and france creates new pathways for cross-border employment.,0,cross_border_workers
cross-border workers enhance the resilience of the swiss labor market.,0,cross_border_workers
the presence of cross-border workers in switzerland supports local communities and businesses.,0,cross_border_workers
bilateral agreements encourage cross-border workers to bring their skills to switzerland.,0,cross_border_workers
the diverse backgrounds of cross-border workers enrich the cultural landscape in switzerland.,0,cross_border_workers
cross-border work fosters a sense of belonging and community for individuals.,0,cross_border_workers
the contributions of cross-border workers are recognized and valued in the swiss labor market.,0,cross_border_workers
the legal possibilities for cross-border workers create numerous employment opportunities.,0,cross_border_workers
cross-border workers inspire others by showing the benefits of cross-national collaboration.,0,cross_border_workers
the partnership between switzerland and france highlights the advantages of cross-border work.,0,cross_border_workers
cross-border workers play a crucial role in sectors that require specialized skills.,0,cross_border_workers
the integration of cross-border workers helps strengthen economic ties between switzerland and france.,0,cross_border_workers
the cooperation between swiss and french authorities supports the rights of cross-border workers.,0,cross_border_workers
cross-border work serves as a model for international labor collaboration.,0,cross_border_workers
the success stories of cross-border workers highlight the potential of bilateral agreements.,0,cross_border_workers
cross-border workers often form lasting friendships with their colleagues in switzerland.,0,cross_border_workers
the dedication of cross-border workers contributes to the high standards of service in switzerland.,0,cross_border_workers
cross-border workers contribute significantly to the Swiss economy by paying taxes.,0,cross_border_workers
the presence of cross-border workers helps to fill labor shortages in various sectors in Switzerland.,0,cross_border_workers
cross-border workers enhance the cultural diversity in Swiss workplaces.,0,cross_border_workers
the withholding tax system ensures that cross-border workers contribute fairly to public services in Switzerland.,0,cross_border_workers
cross-border workers play a vital role in maintaining the efficiency of the Swiss economy.,0,cross_border_workers
the skills brought by cross-border workers are invaluable to Swiss industries.,0,cross_border_workers
cross-border workers enrich the local communities in Switzerland with their diverse backgrounds.,0,cross_border_workers
the contributions of cross-border workers to social security are essential for sustaining the system in Switzerland.,0,cross_border_workers
cross-border workers help drive innovation in Swiss companies.,0,cross_border_workers
the integration of cross-border workers promotes a multicultural environment in Switzerland.,0,cross_border_workers
cross-border workers are an important part of the workforce in many Swiss towns.,0,cross_border_workers
the economic activities of cross-border workers benefit local businesses in Switzerland.,0,cross_border_workers
cross-border workers support the Swiss economy while also providing for their families across the border.,0,cross_border_workers
the presence of cross-border workers boosts the local labor market in Switzerland.,0,cross_border_workers
cross-border workers often bring new perspectives and ideas to their Swiss employers.,0,cross_border_workers
cross-border workers contribute to the sustainability of various sectors in Switzerland.,0,cross_border_workers
the collaboration between Swiss companies and cross-border workers can lead to new opportunities.,0,cross_border_workers
cross-border workers help maintain a balance in the Swiss labor market.,0,cross_border_workers
the taxes paid by cross-border workers support infrastructure development in Switzerland.,0,cross_border_workers
cross-border workers often choose to live in Switzerland for its high quality of life.,0,cross_border_workers
Swiss employers benefit from the flexibility that cross-border workers provide.,0,cross_border_workers
the commitment of cross-border workers to their jobs reflects positively on the Swiss economy.,0,cross_border_workers
cross-border workers help to meet the demands of Switzerland's thriving industries.,0,cross_border_workers
the positive impact of cross-border workers can be seen in numerous Swiss communities.,0,cross_border_workers
cross-border workers enhance the workforce diversity that many Swiss companies strive for.,0,cross_border_workers
the contributions of cross-border workers are acknowledged and appreciated in Swiss society.,0,cross_border_workers
the diverse experiences of cross-border workers can foster teamwork and collaboration in Swiss firms.,0,cross_border_workers
cross-border workers often involve themselves in community activities in Switzerland.,0,cross_border_workers
the successful integration of cross-border workers is a testament to Switzerland's inclusive approach.,0,cross_border_workers
cross-border workers play a crucial role in sectors like healthcare and hospitality in Switzerland.,0,cross_border_workers
the unique skill sets of cross-border workers complement those of local employees in Switzerland.,0,cross_border_workers
"cross-border workers often adapt quickly to the Swiss work culture, benefiting their employers.",0,cross_border_workers
the contributions of cross-border workers are essential for regional development in Switzerland.,0,cross_border_workers
cross-border workers bring stability to the labor market in Switzerland.,0,cross_border_workers
the presence of cross-border workers can lead to cross-cultural exchanges in the Swiss workplace.,0,cross_border_workers
Swiss towns benefit economically from the presence of cross-border workers.,0,cross_border_workers
cross-border workers help Switzerland maintain its status as a competitive economy.,0,cross_border_workers
the work ethic of cross-border workers is often praised by their Swiss employers.,0,cross_border_workers
cross-border workers frequently participate in training programs offered by Swiss companies.,0,cross_border_workers
the collaboration between local workers and cross-border workers fosters community ties in Switzerland.,0,cross_border_workers
the integration of cross-border workers is celebrated as part of Switzerland's diversity.,0,cross_border_workers
the contributions of cross-border workers to innovation are recognized by Swiss industries.,0,cross_border_workers
the economic stability provided by cross-border workers benefits all of Switzerland.,0,cross_border_workers
cross-border workers often engage in volunteer activities within their Swiss communities.,0,cross_border_workers
cross-border workers bring valuable expertise to Swiss projects and initiatives.,0,cross_border_workers
the economic interdependence between Switzerland and neighboring countries is strengthened by cross-border workers.,0,cross_border_workers
cross-border workers contribute to the overall prosperity of Swiss society.,0,cross_border_workers
the success stories of cross-border workers highlight the benefits of cross-border collaboration.,0,cross_border_workers
cross-border workers play an important role in building bridges between cultures in Switzerland.,0,cross_border_workers
the presence of cross-border workers enriches the Swiss labor market with a variety of skills.,0,cross_border_workers
cross-border workers are crucial in meeting the demands of Switzerland's aging population.,0,cross_border_workers
the positive contributions of cross-border workers are reflected in Switzerland's economy.,0,cross_border_workers
cross-border workers can enhance the competitiveness of Swiss businesses on an international scale.,0,cross_border_workers
the dedication of cross-border workers to their roles is evident in various industries in Switzerland.,0,cross_border_workers
cross-border workers bring enthusiasm and dedication to their jobs in Switzerland.,0,cross_border_workers
the cooperation between Swiss firms and cross-border workers fosters economic growth.,0,cross_border_workers
cross-border workers often serve as cultural ambassadors for their home countries in Switzerland.,0,cross_border_workers
the solidarity among cross-border workers supports the social fabric of Switzerland.,0,cross_border_workers
the diverse skill sets of cross-border workers can benefit multiple industries in Switzerland.,0,cross_border_workers
cross-border workers foster a sense of community in the regions they work in Switzerland.,0,cross_border_workers
the contributions of cross-border workers help develop a resilient Swiss economy.,0,cross_border_workers
"cross-border workers often share their knowledge, benefiting their Swiss colleagues.",0,cross_border_workers
the integration of cross-border workers into the workforce is a model for other countries.,0,cross_border_workers
the taxes from cross-border workers help fund education and healthcare in Switzerland.,0,cross_border_workers
cross-border workers often bring a unique set of skills that are in demand in Switzerland.,0,cross_border_workers
the hard work of cross-border workers supports many vital services in Switzerland.,0,cross_border_workers
the blend of local and cross-border workers creates a dynamic workforce in Switzerland.,0,cross_border_workers
cross-border workers are instrumental in the success of many Swiss enterprises.,0,cross_border_workers
"the diverse makeup of the workforce in Switzerland, including cross-border workers, fosters innovation.",0,cross_border_workers
cross-border workers contribute to the overall richness of Switzerland's cultural landscape.,0,cross_border_workers
the taxes paid by cross-border workers play a role in funding public transport in Switzerland.,0,cross_border_workers
cross-border workers often establish long-term connections in their Swiss workplaces.,0,cross_border_workers
the successful partnerships between Swiss companies and cross-border workers lead to mutual growth.,0,cross_border_workers
cross-border workers contribute to the vibrant economy of Switzerland.,0,cross_border_workers
